,Ortsname,Art,Tiere 2017,Einwohner 2017,Anteil 2017
626,Escholzmatt-Marbach,Betriebe,272,4358,16.02
498,Frutigen,Betriebe,196,6894,35.17
588,Ruswil,Betriebe,195,6908,35.43
358,Eggiwil,Betriebe,189,2458,13.01
438,Schwarzenburg,Betriebe,187,6887,36.83
652,Einsiedeln,Betriebe,185,15361,83.03
494,Saanen,Betriebe,176,6882,39.1
617,Willisau,Betriebe,176,7777,44.19
712,Glarus Süd,Betriebe,167,9575,57.34
1224,Kirchberg (SG),Betriebe,164,8977,54.74
359,Langnau im Emmental,Betriebe,164,9241,56.35
371,Sumiswald,Betriebe,156,5021,32.19
575,Beromünster,Betriebe,154,6517,42.32
1214,Eschenbach (SG),Betriebe,154,9245,60.03
624,Schüpfheim,Betriebe,153,4188,27.37
1218,Nesslau,Betriebe,153,3611,23.6
1223,Wattwil,Betriebe,152,8630,56.78
683,Schwyz,Betriebe,151,14885,98.58
711,Glarus Nord,Betriebe,151,18057,119.58
605,Hergiswil bei Willisau,Betriebe,147,1890,12.86
620,Entlebuch,Betriebe,147,3367,22.9
2167,Fully,Betriebe,145,8622,59.46
1222,Neckertal,Betriebe,143,4014,28.07
1226,Mosnang,Betriebe,141,2890,20.5
695,Sarnen,Betriebe,140,10233,73.09
692,Kerns,Betriebe,140,6194,44.24
379,Köniz,Betriebe,136,40938,301.01
2282,Val-de-Ruz,Betriebe,130,16832,129.48
365,Trub,Betriebe,127,1350,10.63
606,Luthern,Betriebe,121,1281,10.59
369,Lützelflüh,Betriebe,120,4092,34.1
1149,Rüte,Betriebe,118,3543,30.03
1197,Flums,Betriebe,118,4919,41.69
496,Adelboden,Betriebe,118,3370,28.56
502,Reichenbach im Kandertal,Betriebe,116,3604,31.07
450,Rüeggisberg,Betriebe,113,1819,16.1
2126,Nendaz,Betriebe,112,6476,57.82
1163,Waldkirch,Betriebe,112,3509,31.33
504,Diemtigen,Betriebe,112,2175,19.42
436,Guggisberg,Betriebe,111,1586,14.29
584,Neuenkirch,Betriebe,110,6957,63.25
2285,Val-de-Travers,Betriebe,109,10950,100.46
2230,Savièse,Betriebe,109,7532,69.1
1672,Bellinzona,Betriebe,109,42901,393.59
607,Menznau,Betriebe,109,2897,26.58
1182,Altstätten,Betriebe,108,11438,105.91
551,Malters,Betriebe,107,7108,66.43
580,Grosswangen,Betriebe,106,3162,29.83
515,Grindelwald,Betriebe,105,3818,36.36
660,Küssnacht (SZ),Betriebe,105,12512,119.16
568,Hohenrain,Betriebe,104,2531,24.34
678,Muotathal,Betriebe,103,3543,34.4
364,Signau,Betriebe,103,2737,26.57
1227,Bütschwil-Ganterschwil,Betriebe,103,4734,45.96
673,Arth,Betriebe,103,11735,113.93
476,Sigriswil,Betriebe,102,4759,46.66
1324,Lumnezia,Betriebe,101,2068,20.48
353,Wynigen,Betriebe,100,2022,20.22
489,Lenk,Betriebe,100,2358,23.58
361,Röthenbach im Emmental,Betriebe,99,1183,11.95
691,Giswil,Betriebe,99,3631,36.68
566,Hitzkirch,Betriebe,98,5190,52.96
1587,Egnach,Betriebe,98,4699,47.95
1217,Wildhaus-Alt St. Johann,Betriebe,98,2667,27.21
634,Bürglen (UR),Betriebe,97,4021,41.45
1198,Mels,Betriebe,96,8605,89.64
338,Heimiswil,Betriebe,96,1589,16.55
360,Lauperswil,Betriebe,96,2604,27.12
719,Menzingen,Betriebe,95,4467,47.02
1162,Gossau (SG),Betriebe,94,18055,192.07
2117,Naters,Betriebe,94,9951,105.86
1150,Schlatt-Haslen,Betriebe,92,1102,11.98
621,Flühli,Betriebe,92,1937,21.05
1185,Oberriet (SG),Betriebe,91,8811,96.82
2231,Sion,Betriebe,88,34353,390.38
391,Fraubrunnen,Betriebe,88,4962,56.39
1213,Gommiswald,Betriebe,88,5053,57.42
2125,Conthey,Betriebe,87,8674,99.7
598,Dagmersellen,Betriebe,86,5287,61.48
294,Madiswil,Betriebe,86,3239,37.66
577,Buttisholz,Betriebe,86,3248,37.77
1148,Gonten,Betriebe,86,1434,16.67
384,Wohlen bei Bern,Betriebe,86,9136,106.23
383,Vechigen,Betriebe,86,5240,60.93
362,Rüderswil,Betriebe,86,2369,27.55
1841,Valbroye,Betriebe,85,2962,34.85
1524,Sins,Betriebe,85,4302,50.61
1642,Fischingen,Betriebe,85,2686,31.6
1253,Scuol,Betriebe,84,4638,55.21
491,Zweisimmen,Betriebe,84,3035,36.13
1614,Homburg,Betriebe,84,1537,18.3
1208,Schänis,Betriebe,84,3758,44.74
571,Römerswil,Betriebe,82,1763,21.5
1123,Herisau,Betriebe,82,15730,191.83
1128,Urnäsch,Betriebe,82,2271,27.7
488,Boltigen,Betriebe,82,1294,15.78
622,Hasle (LU),Betriebe,82,1746,21.29
593,Triengen,Betriebe,82,4587,55.94
337,Hasle bei Burgdorf,Betriebe,81,3331,41.12
2159,Salgesch,Betriebe,81,1470,18.15
764,Vuisternens-devant-Romont,Betriebe,80,2271,28.39
1191,Grabs,Betriebe,80,6884,86.05
363,Schangnau,Betriebe,80,909,11.36
1627,Kemmental,Betriebe,79,2465,31.2
420,Worb,Betriebe,79,11473,145.23
2262,La Chaux-de-Fonds,Betriebe,79,38965,493.23
2129,Bagnes,Betriebe,78,8073,103.5
846,Düdingen,Betriebe,78,7825,100.32
746,Estavayer,Betriebe,77,9434,122.52
1311,Klosters-Serneus,Betriebe,77,4476,58.13
250,Rapperswil (BE),Betriebe,77,2608,33.87
1216,Ebnat-Kappel,Betriebe,77,5034,65.38
98,Wald (ZH),Betriebe,77,9645,125.26
308,Huttwil,Betriebe,76,4835,63.62
1147,Appenzell,Betriebe,76,5825,76.64
1325,Ilanz/Glion,Betriebe,75,4736,63.15
708,Wolfenschiessen,Betriebe,75,2136,28.48
824,Gibloux,Betriebe,75,7236,96.48
1972,Bourg-en-Lavaux,Betriebe,75,5290,70.53
1235,Niederhelfenschwil,Betriebe,74,3069,41.47
721,Oberägeri,Betriebe,74,5994,81.0
889,Mümliswil-Ramiswil,Betriebe,74,2456,33.19
1314,Luzein,Betriebe,74,1550,20.95
1596,Amriswil,Betriebe,74,13346,180.35
464,Buchholterberg,Betriebe,73,1544,21.15
623,Romoos,Betriebe,73,667,9.14
2169,Leytron,Betriebe,73,3135,42.95
689,Alpnach,Betriebe,73,5997,82.15
694,Sachseln,Betriebe,72,5060,70.28
662,Altendorf,Betriebe,72,6907,95.93
490,St. Stephan,Betriebe,72,1325,18.4
716,Baar,Betriebe,72,24129,335.12
2100,Château-d'Oex,Betriebe,72,3474,48.25
2124,Chamoson,Betriebe,71,3721,52.41
610,Reiden,Betriebe,71,7008,98.7
625,Werthenstein,Betriebe,71,2040,28.73
1326,Safiental,Betriebe,71,897,12.63
1192,Sennwald,Betriebe,70,5455,77.93
1236,Oberbüren,Betriebe,70,4358,62.26
110,Wädenswil,Betriebe,69,21797,315.9
439,Belp,Betriebe,69,11534,167.16
115,Hombrechtikon,Betriebe,68,8620,126.76
1307,Davos,Betriebe,68,11060,162.65
1190,Gams,Betriebe,68,3339,49.1
372,Trachselwald,Betriebe,68,971,14.28
850,Plaffeien,Betriebe,68,3566,52.44
1206,Benken (SG),Betriebe,67,2916,43.52
667,Schübelbach,Betriebe,67,9073,135.42
609,Pfaffnau,Betriebe,67,2653,39.6
839,Murten,Betriebe,67,8168,121.91
1126,Schwellbrunn,Betriebe,67,1565,23.36
2389,Clos du Doubs,Betriebe,67,1321,19.72
444,Kirchdorf (BE),Betriebe,66,963,14.59
497,Aeschi bei Spiez,Betriebe,65,2232,34.34
647,Spiringen,Betriebe,65,834,12.83
434,Neuenegg,Betriebe,65,5436,83.63
1219,Hemberg,Betriebe,65,914,14.06
1234,Niederbüren,Betriebe,65,1530,23.54
572,Rothenburg,Betriebe,65,7430,114.31
370,Rüegsau,Betriebe,64,3202,50.03
627,Wolhusen,Betriebe,64,4299,67.17
1120,Wilchingen,Betriebe,64,1731,27.05
419,Walkringen,Betriebe,64,1799,28.11
1665,Bussnang,Betriebe,64,2268,35.44
133,Illnau-Effretikon,Betriebe,64,16796,262.44
1098,Thayngen,Betriebe,64,5422,84.72
95,Hinwil,Betriebe,64,11095,173.36
2261,La Grande-Béroche,Betriebe,63,9068,143.94
1245,Surses,Betriebe,63,2356,37.4
656,Feusisberg,Betriebe,63,5237,83.13
899,Buchegg,Betriebe,63,2532,40.19
761,Siviriez,Betriebe,62,2214,35.71
1249,Poschiavo,Betriebe,62,3534,57.0
1803,Ollon,Betriebe,62,7503,121.02
1877,Montanaire,Betriebe,62,2494,40.23
613,Ufhusen,Betriebe,62,891,14.37
381,Oberbalm,Betriebe,62,874,14.1
310,Wyssachen,Betriebe,62,1146,18.48
663,Galgenen,Betriebe,62,5199,83.85
2354,Haute-Sorne,Betriebe,61,6908,113.25
111,Horgen,Betriebe,61,20291,332.64
432,Mühleberg,Betriebe,61,2843,46.61
1658,Affeltrangen,Betriebe,61,2520,41.31
506,Oberwil im Simmental,Betriebe,61,799,13.1
368,Dürrenroth,Betriebe,61,1061,17.39
411,Linden,Betriebe,60,1287,21.45
612,Schötz,Betriebe,60,4272,71.2
1977,Oron,Betriebe,60,5423,90.38
2355,Val Terbi,Betriebe,60,2641,44.02
252,Seedorf (BE),Betriebe,60,3097,51.62
409,Konolfingen,Betriebe,59,5280,89.49
1774,Mendrisio,Betriebe,59,15110,256.1
616,Zell (LU),Betriebe,59,2025,34.32
1629,Langrickenbach,Betriebe,58,1285,22.16
324,Seeberg,Betriebe,58,1573,27.12
89,Bäretswil,Betriebe,58,5060,87.24
705,Oberdorf (NW),Betriebe,57,3135,55.0
1207,Kaltbrunn,Betriebe,57,4791,84.05
134,Bauma,Betriebe,57,4909,86.12
2174,Saxon,Betriebe,57,5645,99.04
162,Winterthur,Betriebe,57,109775,1925.88
1609,Uesslingen-Buch,Betriebe,57,1079,18.93
1232,Oberuzwil,Betriebe,56,6423,114.7
437,Rüschegg,Betriebe,56,1617,28.88
307,Eriswil,Betriebe,56,1407,25.12
449,Riggisberg,Betriebe,56,2456,43.86
251,Schüpfen,Betriebe,56,3719,66.41
565,Eschenbach (LU),Betriebe,55,3684,66.98
367,Affoltern im Emmental,Betriebe,55,1133,20.6
684,Steinen,Betriebe,54,3358,62.19
717,Cham,Betriebe,54,16216,300.3
555,Schwarzenberg,Betriebe,54,1719,31.83
1157,St. Gallen,Betriebe,54,75481,1397.8
493,Lauenen,Betriebe,54,835,15.46
1124,Hundwil,Betriebe,54,956,17.7
416,Oberthal,Betriebe,54,727,13.46
1156,Muolen,Betriebe,54,1208,22.37
1668,Wigoltingen,Betriebe,54,2423,44.87
745,Belmont-Broye,Betriebe,54,5402,100.04
245,Grossaffoltern,Betriebe,53,3005,56.7
1814,Vully-les-Lacs,Betriebe,53,2943,55.53
718,Hünenberg,Betriebe,53,8827,166.55
1968,Puidoux,Betriebe,53,2863,54.02
402,Bowil,Betriebe,53,1388,26.19
1134,Teufen (AR),Betriebe,53,6201,117.0
2244,St. Niklaus,Betriebe,53,2265,42.74
585,Nottwil,Betriebe,53,3728,70.34
703,Ennetmoos,Betriebe,53,2108,39.77
143,Uster,Betriebe,53,34319,647.53
859,Ueberstorf,Betriebe,53,2343,44.21
536,Meiringen,Betriebe,53,4692,88.53
713,Glarus,Betriebe,52,12515,240.67
690,Engelberg,Betriebe,52,4134,79.5
1661,Amlikon-Bissegg,Betriebe,52,1311,25.21
2127,Vétroz,Betriebe,52,6135,117.98
2146,Evolène,Betriebe,52,1697,32.63
724,Unterägeri,Betriebe,52,8576,164.92
2226,Crans-Montana,Betriebe,52,10711,205.98
844,Alterswil,Betriebe,52,2037,39.17
853,St. Antoni,Betriebe,52,2044,39.31
682,Sattel,Betriebe,51,1926,37.76
1653,Hauptwil-Gottshaus,Betriebe,51,1920,37.65
161,Turbenthal,Betriebe,51,4681,91.78
686,Unteriberg,Betriebe,51,2365,46.37
573,Schongau,Betriebe,51,1020,20.0
92,Fischenthal,Betriebe,51,2480,48.63
1238,Wil (SG),Betriebe,51,23751,465.71
322,Ochlenberg,Betriebe,51,561,11.0
1270,Maienfeld,Betriebe,51,2835,55.59
413,Münsingen,Betriebe,51,12396,243.06
410,Landiswil,Betriebe,51,624,12.24
137,Egg,Betriebe,50,8405,168.1
1327,Breil/Brigels,Betriebe,50,1263,25.26
1545,Brittnau,Betriebe,50,3882,77.64
415,Oberdiessbach,Betriebe,50,3496,69.92
833,Gurmels,Betriebe,50,4181,83.62
336,Ersigen,Betriebe,50,2010,40.2
1225,Lütisburg,Betriebe,50,1541,30.82
1660,Wuppenau,Betriebe,50,1133,22.66
1659,Schönholzerswilen,Betriebe,50,838,16.76
375,Bern,Betriebe,50,133115,2662.3
165,Wiesendangen,Betriebe,50,6296,125.92
1302,Arosa,Betriebe,49,3219,65.69
1255,Val Müstair,Betriebe,49,1538,31.39
1648,Wängi,Betriebe,49,4632,94.53
309,Walterswil (BE),Betriebe,49,546,11.14
693,Lungern,Betriebe,49,2129,43.45
1484,Mettauertal,Betriebe,49,1933,39.45
2266,La Brévine,Betriebe,49,632,12.9
453,Wald (BE),Betriebe,49,1183,24.14
1152,Oberegg,Betriebe,49,1906,38.9
2156,Leuk,Betriebe,49,3947,80.55
93,Gossau (ZH),Betriebe,49,9827,200.55
505,Erlenbach im Simmental,Betriebe,49,1718,35.06
788,Sâles,Betriebe,49,1446,29.51
1680,Serravalle,Betriebe,49,2101,42.88
1205,Amden,Betriebe,48,1793,37.35
522,Lauterbrunnen,Betriebe,48,2406,50.12
1132,Gais,Betriebe,48,3106,64.71
348,Oberburg,Betriebe,48,2940,61.25
1608,Thundorf,Betriebe,48,1462,30.46
400,Arni (BE),Betriebe,48,917,19.1
1519,Merenschwand,Betriebe,47,3491,74.28
11,Mettmenstetten,Betriebe,47,4861,103.43
2390,Haute-Ajoie,Betriebe,47,941,20.02
855,St. Ursen,Betriebe,47,1319,28.06
645,Silenen,Betriebe,47,2045,43.51
268,Ins,Betriebe,46,3496,76.0
366,Trubschachen,Betriebe,46,1448,31.48
550,Kriens,Betriebe,46,27110,589.35
2132,Orsières,Betriebe,46,3220,70.0
1345,Domleschg,Betriebe,46,1954,42.48
1591,Roggwil (TG),Betriebe,46,3065,66.63
2145,Ayent,Betriebe,46,3935,85.54
1795,Aigle,Betriebe,46,9961,216.54
1194,Wartau,Betriebe,46,5237,113.85
1652,Erlen,Betriebe,46,3649,79.33
482,Uetendorf,Betriebe,45,6006,133.47
669,Vorderthal,Betriebe,45,1016,22.58
570,Rain,Betriebe,45,2659,59.09
1615,Hüttwilen,Betriebe,45,1705,37.89
1637,Aadorf,Betriebe,45,8865,197.0
1602,Frauenfeld,Betriebe,45,25200,560.0
601,Ettiswil,Betriebe,45,2718,60.4
305,Ursenbach,Betriebe,45,903,20.07
1117,Hallau,Betriebe,45,2118,47.07
1663,Birwinken,Betriebe,45,1338,29.73
1315,Grüsch,Betriebe,45,2049,45.53
1333,Obersaxen Mundaun,Betriebe,45,1147,25.49
518,Habkern,Betriebe,45,650,14.44
1446,Bözberg,Betriebe,45,1563,34.73
1686,Faido,Betriebe,45,2978,66.18
1662,Berg (TG),Betriebe,45,3308,73.51
108,Schönenberg (ZH),Betriebe,44,1849,42.02
765,Villorsonnens,Betriebe,44,1347,30.61
827,Courtepin,Betriebe,44,5398,122.68
1510,Beinwil (Freiamt),Betriebe,44,1110,25.23
1203,Walenstadt,Betriebe,44,5590,127.05
1151,Schwende,Betriebe,44,2193,49.84
534,Hasliberg,Betriebe,44,1193,27.11
586,Oberkirch,Betriebe,44,4636,105.36
1200,Quarten,Betriebe,43,2873,66.81
681,Rothenthurm,Betriebe,43,2375,55.23
1796,Bex,Betriebe,43,7608,176.93
668,Tuggen,Betriebe,43,3239,75.33
2250,Visperterminen,Betriebe,43,1363,31.7
2225,Anniviers,Betriebe,43,2719,63.23
640,Isenthal,Betriebe,43,503,11.7
1461,Schmiedrued,Betriebe,43,1176,27.35
291,Gondiswil,Betriebe,43,733,17.05
128,Pfäffikon,Betriebe,42,11774,280.33
860,Wünnewil-Flamatt,Betriebe,42,5470,130.24
249,Radelfingen,Betriebe,42,1240,29.52
1244,Albula/Alvra,Betriebe,42,1331,31.69
2170,Martigny,Betriebe,42,17998,428.52
1633,Wäldi,Betriebe,42,1049,24.98
535,Innertkirchen,Betriebe,42,1087,25.88
1971,Savigny,Betriebe,42,3312,78.86
1231,Jonschwil,Betriebe,42,3788,90.19
156,Neftenbach,Betriebe,42,5564,132.48
1229,Degersheim,Betriebe,42,3986,94.9
477,Steffisburg,Betriebe,42,15783,375.79
2183,Val-d'Illiez,Betriebe,41,1902,46.39
1127,Stein (AR),Betriebe,41,1418,34.59
698,Beckenried,Betriebe,41,3567,87.0
699,Buochs,Betriebe,41,5389,131.44
179,Zürich,Betriebe,41,402762,9823.46
1221,Oberhelfenschwil,Betriebe,41,1296,31.61
503,Därstetten,Betriebe,41,851,20.76
1460,Schlossrued,Betriebe,41,841,20.51
193,Sonvilier,Betriebe,41,1266,30.88
1521,Muri (AG),Betriebe,41,7638,186.29
2325,Satigny,Betriebe,41,4102,100.05
540,Luzern,Betriebe,41,81592,1990.05
2358,Les Bois,Betriebe,41,1219,29.73
492,Gsteig,Betriebe,41,981,23.93
1821,Lucens,Betriebe,40,4069,101.72
424,Wichtrach,Betriebe,40,4233,105.82
848,Bösingen,Betriebe,40,3412,85.3
736,Montagny (FR),Betriebe,40,2404,60.1
700,Dallenwil,Betriebe,40,1832,45.8
599,Ebersecken,Betriebe,40,395,9.88
587,Rickenbach (LU),Betriebe,40,3248,81.2
1271,Malans,Betriebe,40,2310,57.75
376,Bolligen,Betriebe,40,6250,156.25
1212,Rapperswil-Jona,Betriebe,40,26962,674.05
604,Grossdietwil,Betriebe,40,838,20.95
1513,Boswil,Betriebe,40,2808,70.2
569,Inwil,Betriebe,39,2429,62.28
842,Mont-Vully,Betriebe,39,3556,91.18
654,Gersau,Betriebe,39,2260,57.95
762,Ursy,Betriebe,39,3030,77.69
1556,Uerkheim,Betriebe,39,1359,34.85
94,Grüningen,Betriebe,39,3401,87.21
1573,Leuggern,Betriebe,39,2129,54.59
345,Krauchthal,Betriebe,39,2344,60.1
725,Walchwil,Betriebe,39,3626,92.97
246,Kallnach,Betriebe,39,1910,48.97
670,Wangen (SZ),Betriebe,39,4989,127.92
1666,Märstetten,Betriebe,39,2802,71.85
1158,Wittenbach,Betriebe,39,9779,250.74
1316,Schiers,Betriebe,39,2627,67.36
642,Schattdorf,Betriebe,39,5248,134.56
1199,Pfäfers,Betriebe,39,1572,40.31
602,Fischbach,Betriebe,38,699,18.39
2248,Törbel,Betriebe,38,471,12.39
849,Heitenried,Betriebe,38,1365,35.92
648,Unterschächen,Betriebe,38,710,18.68
457,Burgistein,Betriebe,38,1070,28.16
1109,Schleitheim,Betriebe,38,1675,44.08
870,La Verrerie,Betriebe,38,1158,30.47
1339,Cazis,Betriebe,38,2132,56.11
378,Kirchlindach,Betriebe,38,3029,79.71
959,Selzach,Betriebe,38,3397,89.39
1530,Möhlin,Betriebe,38,10913,287.18
241,Twann-Tüscherz,Betriebe,38,1154,30.37
722,Risch,Betriebe,38,10355,272.5
562,Ballwil,Betriebe,38,2794,73.53
2024,Echichens,Betriebe,38,2642,69.53
1618,Pfyn,Betriebe,38,1951,51.34
1193,Sevelen,Betriebe,38,4999,131.55
1572,Lengnau (AG),Betriebe,37,2680,72.43
2173,Saillon,Betriebe,37,2541,68.68
1155,Häggenschwil,Betriebe,37,1310,35.41
856,Schmitten (FR),Betriebe,37,4072,110.05
702,Ennetbürgen,Betriebe,37,4567,123.43
1678,Acquarossa,Betriebe,37,1850,50.0
864,Châtel-Saint-Denis,Betriebe,37,6528,176.43
483,Unterlangenegg,Betriebe,37,973,26.3
2391,La Baroche,Betriebe,37,1212,32.76
194,Tramelan,Betriebe,37,4565,123.38
164,Elgg,Betriebe,37,4323,116.84
355,Utzenstorf,Betriebe,36,4253,118.14
466,Fahrni,Betriebe,36,802,22.28
2367,Saignelégier,Betriebe,36,2556,71.0
630,Altdorf (UR),Betriebe,36,9211,255.86
1679,Blenio,Betriebe,36,1816,50.44
2115,Brig-Glis,Betriebe,36,13158,365.5
1809,Yvorne,Betriebe,36,1058,29.39
815,Le Mouret,Betriebe,36,3156,87.67
657,Freienbach,Betriebe,36,16196,449.89
1473,Kaisten,Betriebe,36,2582,71.72
793,Val-de-Charmey,Betriebe,36,2435,67.64
685,Steinerberg,Betriebe,36,916,25.44
1737,Lugano,Betriebe,36,63932,1775.89
1657,Zihlschlacht-Sitterdorf,Betriebe,36,2281,63.36
304,Thunstetten,Betriebe,36,3338,92.72
507,Spiez,Betriebe,36,12713,353.14
1966,Forel (Lavaux),Betriebe,36,2075,57.64
1167,Mörschwil,Betriebe,36,3569,99.14
1366,Gränichen,Betriebe,36,7624,211.78
1330,Sumvitg,Betriebe,36,1216,33.78
140,Maur,Betriebe,36,10067,279.64
1453,Gontenschwil,Betriebe,36,2111,58.64
2365,Muriaux,Betriebe,35,504,14.4
1202,Vilters-Wangs,Betriebe,35,4738,135.37
679,Oberiberg,Betriebe,35,885,25.29
787,La Roche,Betriebe,35,1644,46.97
563,Emmen,Betriebe,35,30228,863.66
1626,Güttingen,Betriebe,35,1568,44.8
1606,Neunforn,Betriebe,35,995,28.43
6,Hausen am Albis,Betriebe,35,3571,102.03
85,Stadel,Betriebe,35,2227,63.63
217,Petit-Val,Betriebe,35,410,11.71
392,Jegenstorf,Betriebe,35,5710,163.14
895,Messen,Betriebe,35,1484,42.4
1667,Weinfelden,Betriebe,35,11288,322.51
91,Dürnten,Betriebe,35,7530,215.14
1833,Corcelles-près-Payerne,Betriebe,34,2381,70.03
512,Brienz (BE),Betriebe,34,3080,90.59
1230,Flawil,Betriebe,34,10505,308.97
726,Zug,Betriebe,34,29804,876.59
2222,Sierre,Betriebe,34,16817,494.62
1254,Valsot,Betriebe,34,876,25.76
1549,Murgenthal,Betriebe,34,2920,85.88
666,Reichenburg,Betriebe,34,3566,104.88
1646,Sirnach,Betriebe,34,7738,227.59
499,Kandergrund,Betriebe,34,798,23.47
2163,Turtmann-Unterems,Betriebe,34,1108,32.59
2143,Goms,Betriebe,34,1206,35.47
558,Weggis,Betriebe,33,4381,132.76
675,Ingenbohl,Betriebe,33,8758,265.39
611,Roggliswil,Betriebe,33,682,20.67
319,Niederbipp,Betriebe,33,4647,140.82
295,Melchnau,Betriebe,33,1531,46.39
1640,Braunau,Betriebe,33,763,23.12
2294,Bernex,Betriebe,33,10045,304.39
90,Bubikon,Betriebe,33,7115,215.61
1159,Eggersriet,Betriebe,33,2293,69.48
2340,Courroux,Betriebe,33,3256,98.67
1301,Churwalden,Betriebe,33,1998,60.55
950,Grenchen,Betriebe,33,16985,514.7
2160,Varen,Betriebe,33,619,18.76
1664,Bürglen (TG),Betriebe,33,3751,113.67
461,Wattenwil,Betriebe,33,2869,86.94
840,Ried bei Kerzers,Betriebe,33,1159,35.12
1550,Oftringen,Betriebe,33,13511,409.42
465,Eriz,Betriebe,33,492,14.91
1639,Bichelsee-Balterswil,Betriebe,33,2826,85.64
1656,Sulgen,Betriebe,33,3741,113.36
1655,Kradolf-Schönenberg,Betriebe,33,3535,107.12
1654,Hohentannen,Betriebe,33,598,18.12
1630,Lengwil,Betriebe,33,1686,51.09
1780,Breggia,Betriebe,32,2059,64.34
887,Laupersdorf,Betriebe,32,1729,54.03
1508,Aristau,Betriebe,32,1413,44.16
834,Kerzers,Betriebe,32,4911,153.47
632,Attinghausen,Betriebe,32,1650,51.56
1317,Seewis im Prättigau,Betriebe,32,1397,43.66
129,Russikon,Betriebe,32,4361,136.28
589,Schenkon,Betriebe,32,2816,88.0
581,Hildisrieden,Betriebe,32,2214,69.19
818,Treyvaux,Betriebe,32,1449,45.28
635,Erstfeld,Betriebe,32,3765,117.66
1598,Basadingen-Schlattingen,Betriebe,32,1815,56.72
619,Doppleschwand,Betriebe,32,767,23.97
1138,Heiden,Betriebe,32,4210,131.56
405,Grosshöchstetten,Betriebe,32,3517,109.91
470,Homberg,Betriebe,32,511,15.97
2162,Gampel-Bratsch,Betriebe,32,1965,61.41
1328,Disentis/Mustér,Betriebe,31,2098,67.68
1408,Hägglingen,Betriebe,31,2448,78.97
480,Thun,Betriebe,31,43568,1405.42
553,Meierskappel,Betriebe,31,1371,44.23
582,Knutwil,Betriebe,31,2154,69.48
32,Marthalen,Betriebe,31,1938,62.52
1482,Wölflinswil,Betriebe,31,1027,33.13
1470,Gipf-Oberfrick,Betriebe,31,3512,113.29
1811,Avenches,Betriebe,31,4166,134.39
456,Stocken-Höfen,Betriebe,31,992,32.0
2264,La Sagne,Betriebe,31,958,30.9
638,Gurtnellen,Betriebe,31,563,18.16
1837,Payerne,Betriebe,31,9486,306.0
2219,Lens,Betriebe,31,4047,130.55
1161,Gaiserwald,Betriebe,31,8437,272.16
1233,Uzwil,Betriebe,31,12816,413.42
1114,Ramsen,Betriebe,31,1443,46.55
1612,Eschenz,Betriebe,30,1729,57.63
57,Oberembrach,Betriebe,30,1069,35.63
2388,Basse-Allaine,Betriebe,30,1225,40.83
677,Morschach,Betriebe,30,1107,36.9
481,Uebeschi,Betriebe,30,667,22.23
2379,Courgenay,Betriebe,30,2295,76.5
1651,Bischofszell,Betriebe,30,5947,198.23
33,Oberstammheim,Betriebe,30,1191,39.7
1613,Herdern,Betriebe,30,1030,34.33
1447,Schinznach,Betriebe,30,2219,73.97
473,Oberlangenegg,Betriebe,30,475,15.83
448,Niedermuhlern,Betriebe,30,474,15.8
426,Ferenbalm,Betriebe,30,1262,42.07
37,Trüllikon,Betriebe,30,1064,35.47
102,Hütten,Betriebe,30,900,30.0
1509,Auw,Betriebe,30,2064,68.8
301,Rohrbachgraben,Betriebe,30,397,13.23
1804,Ormont-Dessous,Betriebe,29,1104,38.07
1873,Montilliez,Betriebe,29,1694,58.41
720,Neuheim,Betriebe,29,2219,76.52
644,Seelisberg,Betriebe,29,683,23.55
1896,Sainte-Croix,Betriebe,29,4912,169.38
1604,Hüttlingen,Betriebe,29,840,28.97
247,Kappelen,Betriebe,29,1475,50.86
760,Rue,Betriebe,29,1500,51.72
1565,Endingen,Betriebe,29,2584,89.1
1551,Reitnau,Betriebe,29,1269,43.76
1464,Unterkulm,Betriebe,29,3027,104.38
1458,Oberkulm,Betriebe,29,2684,92.55
980,Beinwil (SO),Betriebe,29,246,8.48
1323,Vals,Betriebe,29,984,33.93
1272,Landquart,Betriebe,29,8854,305.31
440,Gerzensee,Betriebe,29,1193,41.14
186,La Ferrière,Betriebe,29,542,18.69
1906,Chavornay,Betriebe,29,4833,166.66
86,Steinmaur,Betriebe,29,3464,119.45
2220,Miège,Betriebe,29,1354,46.69
579,Geuensee,Betriebe,29,2906,100.21
1603,Gachnang,Betriebe,28,4225,150.89
1241,Vaz/Obervaz,Betriebe,28,2716,97.0
2271,Les Ponts-de-Martel,Betriebe,28,1294,46.21
1251,Zernez,Betriebe,28,1540,55.0
255,Büren an der Aare,Betriebe,28,3596,128.43
1878,Jorat-Menthue,Betriebe,28,1542,55.07
603,Gettnau,Betriebe,28,1120,40.0
149,Dägerlen,Betriebe,28,999,35.68
1761,Capriasca,Betriebe,28,6603,235.82
2357,Le Bémont (JU),Betriebe,28,314,11.21
1285,Bregaglia,Betriebe,28,1537,54.89
596,Altbüron,Betriebe,28,1013,36.18
837,Misery-Courtion,Betriebe,28,1909,68.18
2229,Grimisuat,Betriebe,28,3279,117.11
591,Sempach,Betriebe,28,4106,146.64
549,Horw,Betriebe,28,13884,495.86
1135,Trogen,Betriebe,28,1750,62.5
867,Saint-Martin (FR),Betriebe,28,1015,36.25
1076,Diegten,Betriebe,28,1623,57.96
1080,Langenbruck,Betriebe,28,955,34.11
2270,Le Locle,Betriebe,28,10433,372.61
567,Hochdorf,Betriebe,27,9814,363.48
1771,Castel San Pietro,Betriebe,27,2131,78.93
2267,Brot-Plamboz,Betriebe,27,268,9.93
144,Volketswil,Betriebe,27,18582,688.22
1782,Biasca,Betriebe,27,6176,228.74
126,Hittnau,Betriebe,27,3604,133.48
141,Mönchaltorf,Betriebe,27,3701,137.07
59,Rafz,Betriebe,27,4400,162.96
1178,Diepoldsau,Betriebe,27,6456,239.11
769,Haut-Intyamon,Betriebe,27,1541,57.07
479,Thierachern,Betriebe,27,2426,89.85
2168,Isérables,Betriebe,27,830,30.74
1605,Matzingen,Betriebe,27,2692,99.7
1418,Villmergen,Betriebe,27,7210,267.04
2364,Montfaucon,Betriebe,27,629,23.3
374,Meikirch,Betriebe,27,2465,91.3
1474,Laufenburg,Betriebe,27,3569,132.19
888,Matzendorf,Betriebe,27,1323,49.0
1189,Buchs (SG),Betriebe,27,12531,464.11
583,Mauensee,Betriebe,27,1414,52.37
2102,Rougemont,Betriebe,27,895,33.15
767,La Folliaz,Betriebe,26,971,37.35
34,Ossingen,Betriebe,26,1456,56.0
1046,Buus,Betriebe,26,999,38.42
25,Flaach,Betriebe,26,1362,52.38
1268,Fläsch,Betriebe,26,691,26.58
49,Freienstein-Teufen,Betriebe,26,2342,90.08
2085,Mont-sur-Rolle,Betriebe,26,2693,103.58
2134,Vollèges,Betriebe,26,1942,74.69
1077,Eptingen,Betriebe,26,520,20.0
118,Meilen,Betriebe,26,13762,529.31
1129,Waldstatt,Betriebe,26,1767,67.96
706,Stans,Betriebe,26,8333,320.5
1834,Grandcour,Betriebe,26,889,34.19
1172,Untereggen,Betriebe,26,1060,40.77
1622,Altnau,Betriebe,26,2161,83.12
1177,Berneck,Betriebe,25,3956,158.24
132,Wildberg,Betriebe,25,985,39.4
752,Le Châtelard,Betriebe,25,385,15.4
343,Kirchberg (BE),Betriebe,25,5909,236.36
1118,Oberhallau,Betriebe,25,446,17.84
130,Weisslingen,Betriebe,25,3278,131.12
1269,Jenins,Betriebe,25,902,36.08
1624,Ermatingen,Betriebe,25,3308,132.32
869,Le Flon,Betriebe,25,1186,47.44
283,Walperswil,Betriebe,25,981,39.24
868,Semsales,Betriebe,25,1435,57.4
2104,Chardonne,Betriebe,25,2908,116.32
556,Udligenswil,Betriebe,25,2285,91.4
1559,Zofingen,Betriebe,25,11560,462.4
221,Plateau de Diesse,Betriebe,25,2050,82.0
1160,Andwil (SG),Betriebe,25,1909,76.36
1201,Sargans,Betriebe,25,6063,242.52
1441,Thalheim (AG),Betriebe,25,824,32.96
554,Root,Betriebe,25,4754,190.16
120,Stäfa,Betriebe,25,14291,571.64
791,Vuadens,Betriebe,25,2296,91.84
75,Niederhasli,Betriebe,25,9195,367.8
30,Kleinandelfingen,Betriebe,25,2067,82.68
1634,Raperswilen,Betriebe,25,391,15.64
1600,Schlatt (TG),Betriebe,25,1665,66.6
471,Horrenbach-Buchen,Betriebe,25,236,9.44
486,Forst-Längenbühl,Betriebe,25,781,31.24
560,Aesch (LU),Betriebe,25,1141,45.64
99,Wetzikon (ZH),Betriebe,25,24640,985.6
1102,Buchberg,Betriebe,25,823,32.92
9,Knonau,Betriebe,25,2168,86.72
1632,Tägerwilen,Betriebe,25,4524,180.96
757,Mézières (FR),Betriebe,25,998,39.92
1028,Arisdorf,Betriebe,24,1657,69.04
1265,Trimmis,Betriebe,24,3301,137.54
731,Cugy (FR),Betriebe,24,1690,70.42
1872,Vuarrens,Betriebe,24,988,41.17
759,Romont (FR),Betriebe,24,5204,216.83
590,Schlierbach,Betriebe,24,840,35.0
852,Rechthalten,Betriebe,24,1068,44.5
2198,Raron,Betriebe,24,1936,80.67
1144,Wolfhalden,Betriebe,24,1838,76.58
1620,Wagenhausen,Betriebe,24,1661,69.21
1364,Densbüren,Betriebe,24,708,29.5
1874,Goumoëns,Betriebe,24,1050,43.75
244,Bargen (BE),Betriebe,24,1004,41.83
1476,Oberhof,Betriebe,24,598,24.92
1090,Gächlingen,Betriebe,24,828,34.5
578,Eich,Betriebe,24,1658,69.08
1791,Lavizzara,Betriebe,24,569,23.71
676,Lauerz,Betriebe,24,1067,44.46
1142,Wald (AR),Betriebe,24,864,36.0
163,Zell (ZH),Betriebe,24,5756,239.83
910,Seewen,Betriebe,24,1017,42.38
1527,Hellikon,Betriebe,24,797,33.21
1469,Gansingen,Betriebe,24,1019,42.46
287,Auswil,Betriebe,24,450,18.75
1520,Mühlau,Betriebe,24,1096,45.67
1106,Schaffhausen,Betriebe,24,36148,1506.17
2123,Ardon,Betriebe,24,3076,128.17
66,Bachs,Betriebe,23,605,26.3
2191,Ausserberg,Betriebe,23,622,27.04
510,Beatenberg,Betriebe,23,1208,52.52
1783,Riviera,Betriebe,23,4132,179.65
1967,Lutry,Betriebe,23,9891,430.04
674,Illgau,Betriebe,23,794,34.52
232,Ligerz,Betriebe,23,550,23.91
262,Wengi,Betriebe,23,592,25.74
987,Kleinlützel,Betriebe,23,1255,54.57
116,Küsnacht (ZH),Betriebe,23,14192,617.04
106,Richterswil,Betriebe,23,13352,580.52
789,Sorens,Betriebe,23,1082,47.04
1101,Beringen,Betriebe,23,4656,202.43
2118,Ried-Brig,Betriebe,23,2077,90.3
2147,Hérémence,Betriebe,23,1377,59.87
41,Waltalingen,Betriebe,23,657,28.57
82,Rümlang,Betriebe,23,8026,348.96
781,Jaun,Betriebe,23,671,29.17
63,Wil (ZH),Betriebe,23,1372,59.65
2215,Chalais,Betriebe,23,3466,150.7
334,Alchenstorf,Betriebe,23,589,25.61
1978,Jorat-Mézières,Betriebe,23,2815,122.39
271,Siselen,Betriebe,23,571,24.83
270,Müntschemier,Betriebe,23,1342,58.35
1133,Speicher,Betriebe,23,4227,183.78
1237,Zuzwil (SG),Betriebe,23,4816,209.39
458,Gurzelen,Betriebe,23,855,37.17
463,Blumenstein,Betriebe,23,1209,52.57
258,Leuzigen,Betriebe,23,1250,54.35
701,Emmetten,Betriebe,23,1384,60.17
1554,Staffelbach,Betriebe,22,1109,50.41
1617,Müllheim,Betriebe,22,2939,133.59
1895,Provence,Betriebe,22,390,17.73
1332,Trun,Betriebe,22,1180,53.64
1871,Villars-le-Terroir,Betriebe,22,1066,48.45
8,Kappel am Albis,Betriebe,22,1110,50.45
1140,Rehetobel,Betriebe,22,1773,80.59
707,Stansstad,Betriebe,22,4423,201.05
2359,Les Breuleux,Betriebe,22,1511,68.68
1981,Aubonne,Betriebe,22,3281,149.14
1125,Schönengrund,Betriebe,22,516,23.45
1085,Reigoldswil,Betriebe,22,1591,72.32
2269,La Chaux-du-Milieu,Betriebe,22,499,22.68
790,Vaulruz,Betriebe,22,1045,47.5
743,Les Montets,Betriebe,22,1423,64.68
1557,Vordemwald,Betriebe,22,1942,88.27
48,Embrach,Betriebe,22,9189,417.68
1503,Seengen,Betriebe,22,3854,175.18
1522,Oberrüti,Betriebe,22,1575,71.59
1398,Würenlos,Betriebe,22,6336,288.0
1143,Walzenhausen,Betriebe,22,2034,92.45
155,Hettlingen,Betriebe,22,3168,144.0
914,Kienberg,Betriebe,22,527,23.95
4,Affoltern am Albis,Betriebe,22,11900,540.91
896,Schnottwil,Betriebe,22,1082,49.18
747,Cheyres-Châbles,Betriebe,22,2222,101.0
1483,Zeihen,Betriebe,22,1116,50.73
127,Lindau,Betriebe,22,5489,249.5
915,Lostorf,Betriebe,22,3942,179.18
1310,Jenaz,Betriebe,22,1168,53.09
189,Renan (BE),Betriebe,22,905,41.14
286,Aarwangen,Betriebe,22,4518,205.36
1539,Zeiningen,Betriebe,22,2278,103.55
45,Bülach,Betriebe,22,19611,891.41
1399,Ehrendingen,Betriebe,22,4775,217.05
2189,Grengiols,Betriebe,22,432,19.64
182,Corgémont,Betriebe,22,1669,75.86
1588,Hefenhofen,Betriebe,22,1244,56.55
2217,Grône,Betriebe,22,2415,109.77
125,Fehraltorf,Betriebe,22,6361,289.14
2366,Le Noirmont,Betriebe,22,1845,83.86
1540,Zuzgen,Betriebe,22,873,39.68
1075,Bretzwil,Betriebe,22,775,35.23
822,La Brillaz,Betriebe,22,1983,90.14
989,Nunningen,Betriebe,22,1878,85.36
421,Zäziwil,Betriebe,22,1637,74.41
47,Eglisau,Betriebe,21,5167,246.05
1552,Rothrist,Betriebe,21,8853,421.57
2368,Saint-Brais,Betriebe,21,228,10.86
96,Rüti (ZH),Betriebe,21,12086,575.52
1900,Arnex-sur-Orbe,Betriebe,21,630,30.0
542,Adligenswil,Betriebe,21,5352,254.86
597,Altishofen,Betriebe,21,1548,73.71
508,Wimmis,Betriebe,21,2463,117.29
81,Regensdorf,Betriebe,21,18191,866.24
2268,Le Cerneux-Péquignot,Betriebe,21,329,15.67
1054,Läufelfingen,Betriebe,21,1314,62.57
2172,Riddes,Betriebe,21,3035,144.52
1119,Trasadingen,Betriebe,21,603,28.71
18,Adlikon,Betriebe,21,666,31.71
64,Winkel,Betriebe,21,4391,209.1
484,Wachseldorn,Betriebe,21,233,11.1
1776,Novazzano,Betriebe,21,2398,114.19
1248,Brusio,Betriebe,21,1122,53.43
188,Orvin,Betriebe,21,1211,57.67
2108,Montreux,Betriebe,21,26629,1268.05
2237,Grächen,Betriebe,21,1313,62.52
191,Saint-Imier,Betriebe,21,5121,243.86
1176,Balgach,Betriebe,21,4598,218.95
153,Elsau,Betriebe,21,3558,169.43
76,Niederweningen,Betriebe,21,2930,139.52
557,Vitznau,Betriebe,21,1339,63.76
2182,Troistorrents,Betriebe,21,4568,217.52
1267,Zizers,Betriebe,21,3431,163.38
2260,Milvignes,Betriebe,20,8986,449.3
154,Hagenbuch,Betriebe,20,1095,54.75
218,Valbirse,Betriebe,20,4032,201.6
21,Buch am Irchel,Betriebe,20,957,47.85
1471,Herznach,Betriebe,20,1471,73.55
928,Deitingen,Betriebe,20,2224,111.2
1063,Sissach,Betriebe,20,6733,336.65
19,Benken (ZH),Betriebe,20,857,42.85
215,Tavannes,Betriebe,20,3597,179.85
854,St. Silvester,Betriebe,20,986,49.3
1211,Uznach,Betriebe,20,6340,317.0
39,Unterstammheim,Betriebe,20,899,44.95
185,Courtelary,Betriebe,20,1366,68.3
2307,Dardagny,Betriebe,20,1782,89.1
1165,Berg (SG),Betriebe,20,843,42.15
885,Herbetswil,Betriebe,20,541,27.05
2313,Jussy,Betriebe,20,1264,63.2
1923,Le Chenit,Betriebe,20,4670,233.5
576,Büron,Betriebe,20,2357,117.85
1170,Steinach,Betriebe,20,3568,178.4
1514,Bünzen,Betriebe,20,1037,51.85
220,Nods,Betriebe,20,740,37.0
898,Lüsslingen-Nennigkofen,Betriebe,20,1062,53.1
151,Dinhard,Betriebe,20,1534,76.7
1578,Schneisingen,Betriebe,20,1360,68.0
1369,Muhen,Betriebe,20,3879,193.95
1365,Erlinsbach (AG),Betriebe,20,4091,204.55
2236,Embd,Betriebe,20,300,15.0
1647,Tobel-Tägerschen,Betriebe,20,1596,79.8
1409,Jonen,Betriebe,20,2037,101.85
770,Pont-en-Ogoz,Betriebe,20,1801,90.05
1414,Sarmenstorf,Betriebe,20,2851,142.55
1131,Bühler,Betriebe,20,1746,87.3
1395,Wettingen,Betriebe,20,20535,1026.75
1580,Tegerfelden,Betriebe,20,1204,60.2
1592,Romanshorn,Betriebe,20,10803,540.15
1252,Samnaun,Betriebe,20,758,37.9
147,Altikon,Betriebe,20,658,32.9
260,Oberwil bei Büren,Betriebe,20,832,41.6
422,Oberhünigen,Betriebe,20,318,15.9
1715,Gambarogno,Betriebe,20,5154,257.7
2383,Fontenais,Betriebe,20,1686,84.3
723,Steinhausen,Betriebe,20,9735,486.75
1988,Mollens (VD),Betriebe,19,293,15.42
2010,Pampigny,Betriebe,19,1118,58.84
1376,Bergdietikon,Betriebe,19,2751,144.79
1507,Abtwil,Betriebe,19,997,52.47
1173,Thal,Betriebe,19,6396,336.63
1353,Donat,Betriebe,19,214,11.26
158,Rickenbach (ZH),Betriebe,19,2701,142.16
1329,Medel (Lucmagn),Betriebe,19,385,20.26
2336,Bourrignon,Betriebe,19,267,14.05
1110,Siblingen,Betriebe,19,847,44.58
1074,Bennwil,Betriebe,19,641,33.74
428,Golaten,Betriebe,19,309,16.26
159,Schlatt (ZH),Betriebe,19,745,39.21
2363,Lajoux (JU),Betriebe,19,669,35.21
131,Wila,Betriebe,19,1947,102.47
148,Brütten,Betriebe,19,2030,106.84
31,Laufen-Uhwiesen,Betriebe,19,1650,86.84
36,Thalheim an der Thur,Betriebe,19,919,48.37
344,Koppigen,Betriebe,19,2103,110.68
796,Autigny,Betriebe,19,792,41.68
478,Teuffenthal (BE),Betriebe,19,156,8.21
1643,Lommis,Betriebe,19,1217,64.05
1682,Airolo,Betriebe,19,1526,80.32
2283,La Côte-aux-Fées,Betriebe,19,454,23.89
1712,Cugnasco-Gerra,Betriebe,19,2909,153.11
1714,Centovalli,Betriebe,19,1183,62.26
2276,Le Landeron,Betriebe,19,4559,239.95
1959,Le Mont-sur-Lausanne,Betriebe,19,7888,415.16
704,Hergiswil (NW),Betriebe,19,5682,299.05
847,Giffers,Betriebe,19,1561,82.16
857,Tafers,Betriebe,19,3330,175.26
672,Alpthal,Betriebe,19,612,32.21
2120,Termen,Betriebe,19,891,46.89
798,Belfaux,Betriebe,19,3348,176.21
877,Niederbuchsiten,Betriebe,19,1142,60.11
1935,Donneloye,Betriebe,19,782,41.16
545,Ebikon,Betriebe,19,13313,700.68
1812,Cudrefin,Betriebe,19,1557,81.95
297,Oeschenbach,Betriebe,19,240,12.63
1805,Ormont-Dessus,Betriebe,19,1477,77.74
1092,Neunkirch,Betriebe,18,2131,118.39
1308,Fideris,Betriebe,18,622,34.56
311,Attiswil,Betriebe,18,1428,79.33
1691,Quinto,Betriebe,18,1069,59.39
316,Heimenhausen,Betriebe,18,1099,61.06
1300,Chur,Betriebe,18,34880,1937.78
1309,Furna,Betriebe,18,215,11.94
2277,Lignières,Betriebe,18,965,53.61
753,Châtonnaye,Betriebe,18,823,45.72
2171,Martigny-Combe,Betriebe,18,2305,128.06
766,Torny,Betriebe,18,896,49.78
119,Oetwil am See,Betriebe,18,4743,263.5
1644,Münchwilen (TG),Betriebe,18,5377,298.72
1928,Champvent,Betriebe,18,651,36.17
201,Court,Betriebe,18,1408,78.22
1108,Beggingen,Betriebe,18,476,26.44
1246,Bergün Filisur,Betriebe,18,503,27.94
300,Rohrbach,Betriebe,18,1436,79.78
427,Frauenkappelen,Betriebe,18,1218,67.67
2343,Develier,Betriebe,18,1408,78.22
292,Langenthal,Betriebe,18,15501,861.17
184,Cortébert,Betriebe,18,700,38.89
658,Wollerau,Betriebe,18,7102,394.56
1070,Zeglingen,Betriebe,18,485,26.94
1095,Dörflingen,Betriebe,18,982,54.56
56,Nürensdorf,Betriebe,18,5600,311.11
2131,Liddes,Betriebe,18,755,41.94
1377,Birmenstorf (AG),Betriebe,18,2967,164.83
267,Gampelen,Betriebe,18,936,52.0
401,Biglen,Betriebe,18,1749,97.17
256,Diessbach bei Büren,Betriebe,18,992,55.11
1822,Moudon,Betriebe,18,6114,339.67
243,Aarberg,Betriebe,18,4527,251.5
1516,Dietwil,Betriebe,18,1310,72.78
2040,Yens,Betriebe,18,1382,76.78
1525,Waltenschwil,Betriebe,18,2820,156.67
1420,Wohlen (AG),Betriebe,18,15824,879.11
2316,Meinier,Betriebe,18,2146,119.22
1544,Bottenwil,Betriebe,18,797,44.28
1459,Reinach (AG),Betriebe,18,8270,459.44
1504,Seon,Betriebe,18,5127,284.83
537,Schattenhalb,Betriebe,18,585,32.5
430,Kriechenwil,Betriebe,18,421,23.39
451,Rümligen,Betriebe,18,434,24.11
10,Maschwanden,Betriebe,18,626,34.78
1433,Lupfig,Betriebe,18,2373,131.83
276,Epsach,Betriebe,17,326,19.18
1055,Maisprach,Betriebe,17,944,55.53
2178,Collombey-Muraz,Betriebe,17,8863,521.35
2249,Visp,Betriebe,17,7726,454.47
1567,Full-Reuenthal,Betriebe,17,880,51.76
2252,Zermatt,Betriebe,17,5714,336.12
1610,Warth-Weiningen,Betriebe,17,1260,74.12
1041,Ziefen,Betriebe,17,1542,90.71
1060,Rothenfluh,Betriebe,17,767,45.12
261,Rüti bei Büren,Betriebe,17,848,49.88
1571,Leibstadt,Betriebe,17,1283,75.47
1456,Leutwil,Betriebe,17,772,45.41
2371,Alle,Betriebe,17,1817,106.88
1261,Flims,Betriebe,17,2722,160.12
1057,Oltingen,Betriebe,17,486,28.59
862,Attalens,Betriebe,17,3353,197.24
219,La Neuveville,Betriebe,17,3693,217.24
926,Biberist,Betriebe,17,8370,492.35
1912,Orbe,Betriebe,17,6903,406.06
321,Oberbipp,Betriebe,17,1701,100.06
418,Rubigen,Betriebe,17,2994,176.12
1860,Essertines-sur-Yverdon,Betriebe,17,944,55.53
1840,Villarzel,Betriebe,17,423,24.88
631,Andermatt,Betriebe,17,1355,79.71
210,Saicourt,Betriebe,17,616,36.24
1169,Rorschacherberg,Betriebe,17,7090,417.06
1980,Apples,Betriebe,17,1413,83.12
1091,Löhningen,Betriebe,17,1444,84.94
1984,Bière,Betriebe,17,1551,91.24
1184,Marbach (SG),Betriebe,17,2095,123.24
875,Kestenholz,Betriebe,17,1795,105.59
1790,Maggia,Betriebe,17,2592,152.47
38,Truttikon,Betriebe,17,469,27.59
923,Erlinsbach (SO),Betriebe,17,3447,202.76
1281,S-chanf,Betriebe,17,694,40.82
1266,Untervaz,Betriebe,17,2491,146.53
152,Ellikon an der Thur,Betriebe,17,891,52.41
12,Obfelden,Betriebe,17,5131,301.82
1676,Sant'Antonino,Betriebe,17,2452,144.24
114,Herrliberg,Betriebe,17,6300,370.59
1410,Niederwil (AG),Betriebe,17,2850,167.65
1331,Tujetsch,Betriebe,17,1285,75.59
779,Gruyères,Betriebe,17,2194,129.06
2083,Gilly,Betriebe,17,1235,72.65
773,Bulle,Betriebe,17,22523,1324.88
354,Bätterkinden,Betriebe,17,3242,190.71
2166,Charrat,Betriebe,17,1734,102.0
2142,Obergoms,Betriebe,17,650,38.24
1673,Cadenazzo,Betriebe,17,2855,167.94
947,Bettlach,Betriebe,17,4905,288.53
2149,Vex,Betriebe,17,1813,106.65
1390,Remetschwil,Betriebe,17,2104,123.76
1295,Grono,Betriebe,17,1340,78.82
730,Cheiry,Betriebe,16,388,24.25
919,Stüsslingen,Betriebe,16,1062,66.38
1538,Wegenstetten,Betriebe,16,1079,67.44
1918,Valeyres-sous-Rances,Betriebe,16,625,39.06
1599,Diessenhofen,Betriebe,16,3767,235.44
289,Bleienbach,Betriebe,16,695,43.44
2243,Saas-Grund,Betriebe,16,1023,63.94
533,Guttannen,Betriebe,16,267,16.69
20,Berg am Irchel,Betriebe,16,567,35.44
50,Glattfelden,Betriebe,16,5069,316.81
1701,Locarno,Betriebe,16,16122,1007.62
1546,Kirchleerau,Betriebe,16,853,53.31
739,Saint-Aubin (FR),Betriebe,16,1706,106.62
1856,Bottens,Betriebe,16,1245,77.81
1802,Noville,Betriebe,16,1058,66.12
1187,Rüthi (SG),Betriebe,16,2305,144.06
1987,Gimel,Betriebe,16,1951,121.94
2221,Saint-Léonard,Betriebe,16,2263,141.44
296,Obersteckholz,Betriebe,16,414,25.88
979,Bärschwil,Betriebe,16,817,51.06
1183,Eichberg,Betriebe,16,1537,96.06
1343,Tschappina,Betriebe,16,128,8.0
1535,Schupfart,Betriebe,16,812,50.75
880,Wolfwil,Betriebe,16,2144,134.0
455,Reutigen,Betriebe,16,988,61.75
882,Aedermannsdorf,Betriebe,16,556,34.75
890,Welschenrohr,Betriebe,16,1082,67.62
435,Wileroltigen,Betriebe,16,372,23.25
785,Pont-la-Ville,Betriebe,16,584,36.5
1635,Salenstein,Betriebe,16,1288,80.5
412,Mirchel,Betriebe,16,622,38.88
2376,Coeuve,Betriebe,16,732,45.75
2049,Begnins,Betriebe,16,1884,117.75
1953,Yvonand,Betriebe,16,3250,203.12
614,Wauwil,Betriebe,16,2130,133.12
2008,Montricher,Betriebe,16,964,60.25
946,Bellach,Betriebe,16,5239,327.44
1036,Liestal,Betriebe,16,14148,884.25
462,Amsoldingen,Betriebe,16,802,50.12
1389,Obersiggenthal,Betriebe,16,8663,541.44
1296,Roveredo (GR),Betriebe,16,2484,155.25
2202,Steg-Hohtenn,Betriebe,16,1565,97.81
467,Heiligenschwendi,Betriebe,16,691,43.19
14,Rifferswil,Betriebe,16,1078,67.38
1958,Lausanne,Betriebe,16,137810,8613.12
1012,Therwil,Betriebe,16,10008,625.5
1392,Stetten (AG),Betriebe,16,2203,137.69
1969,Rivaz,Betriebe,16,358,22.38
272,Treiten,Betriebe,16,426,26.62
1058,Ormalingen,Betriebe,16,2176,136.0
2284,Les Verrières,Betriebe,16,706,44.12
168,Birmensdorf (ZH),Betriebe,16,6313,394.56
167,Aesch (ZH),Betriebe,16,1275,79.69
1595,Uttwil,Betriebe,16,1858,116.12
2255,Boudry,Betriebe,16,5846,365.38
792,Bas-Intyamon,Betriebe,16,1324,82.75
561,Altwis,Betriebe,16,411,25.69
615,Wikon,Betriebe,16,1506,94.12
532,Wilderswil,Betriebe,16,2662,166.38
2193,Bürchen,Betriebe,16,728,45.5
1836,Missy,Betriebe,15,359,23.93
1998,Cuarnens,Betriebe,15,481,32.07
1511,Besenbüren,Betriebe,15,616,41.07
2025,Etoy,Betriebe,15,2916,194.4
1902,Baulmes,Betriebe,15,1057,70.47
1903,Bavois,Betriebe,15,940,62.67
1518,Kallern,Betriebe,15,354,23.6
1866,Pailly,Betriebe,15,534,35.6
2002,Gollion,Betriebe,15,901,60.07
2109,Saint-Légier-La Chiésaz,Betriebe,15,5126,341.73
1594,Sommeri,Betriebe,15,549,36.6
1699,Gordola,Betriebe,15,4568,304.53
1965,Chexbres,Betriebe,15,2253,150.2
1590,Kesswil,Betriebe,15,996,66.4
1443,Villigen,Betriebe,15,2043,136.2
2339,Courrendlin,Betriebe,15,2882,192.13
1297,San Vittore,Betriebe,15,788,52.53
2190,Riederalp,Betriebe,15,488,32.53
2133,Sembrancher,Betriebe,15,1011,67.4
15,Stallikon,Betriebe,15,3646,243.07
1468,Frick,Betriebe,15,5319,354.6
73,Neerach,Betriebe,15,3128,208.53
1349,Splügen,Betriebe,15,377,25.13
2341,Courtételle,Betriebe,15,2547,169.8
2342,Delémont,Betriebe,15,12562,837.47
1437,Remigen,Betriebe,15,1069,71.27
1412,Oberwil-Lieli,Betriebe,15,2313,154.2
1641,Eschlikon,Betriebe,15,4309,287.27
1529,Magden,Betriebe,15,3932,262.13
2119,Simplon,Betriebe,15,309,20.6
1942,Pomy,Betriebe,15,760,50.67
1491,Fahrwangen,Betriebe,15,2061,137.4
1830,Vulliens,Betriebe,15,466,31.07
1196,Bad Ragaz,Betriebe,15,5874,391.6
2185,Vouvry,Betriebe,15,4052,270.13
500,Kandersteg,Betriebe,15,1283,85.53
907,Metzerlen-Mariastein,Betriebe,15,934,62.27
925,Aeschi (SO),Betriebe,15,1213,80.87
1103,Merishausen,Betriebe,15,859,57.27
552,Meggen,Betriebe,15,7002,466.8
750,Billens-Hennens,Betriebe,15,729,48.6
913,Hauenstein-Ifenthal,Betriebe,15,309,20.6
908,Nuglar-St. Pantaleon,Betriebe,15,1503,100.2
1048,Gelterkinden,Betriebe,15,6013,400.87
239,Schwadernau,Betriebe,15,673,44.87
876,Neuendorf,Betriebe,15,2089,139.27
814,Ponthaux,Betriebe,15,723,48.2
821,Hauterive (FR),Betriebe,15,2431,162.07
531,Unterseen,Betriebe,15,5757,383.8
823,La Sonnaz,Betriebe,15,1092,72.8
2386,Porrentruy,Betriebe,15,6876,458.4
407,Herbligen,Betriebe,15,587,39.13
564,Ermensee,Betriebe,15,955,63.67
1137,Grub (AR),Betriebe,15,1040,69.33
2362,Les Genevez (JU),Betriebe,15,502,33.47
266,Gals,Betriebe,15,793,52.87
206,Moutier,Betriebe,15,7586,505.73
414,Niederhünigen,Betriebe,15,612,40.8
263,Brüttelen,Betriebe,15,590,39.33
1025,Wahlen,Betriebe,15,1421,94.73
452,Toffen,Betriebe,15,2553,170.2
13,Ottenbach,Betriebe,14,2591,185.07
1607,Stettfurt,Betriebe,14,1196,85.43
802,Cottens (FR),Betriebe,14,1473,105.21
1619,Steckborn,Betriebe,14,3754,268.14
998,Aesch (BL),Betriebe,14,10184,727.43
160,Seuzach,Betriebe,14,7265,518.93
2263,Les Planchettes,Betriebe,14,205,14.64
54,Kloten,Betriebe,14,19086,1363.29
1263,Trin,Betriebe,14,1340,95.71
1593,Salmsach,Betriebe,14,1457,104.07
830,Galmiz,Betriebe,14,672,48.0
1581,Wislikofen,Betriebe,14,358,25.57
1049,Häfelfingen,Betriebe,14,253,18.07
325,Thörigen,Betriebe,14,1117,79.79
800,Corminboeuf,Betriebe,14,2454,175.29
136,Dübendorf,Betriebe,14,27689,1977.79
306,Wynau,Betriebe,14,1637,116.93
1846,Daillens,Betriebe,14,958,68.43
299,Roggwil (BE),Betriebe,14,3996,285.43
1853,Assens,Betriebe,14,1058,75.57
2238,Lalden,Betriebe,14,661,47.21
1859,Echallens,Betriebe,14,5687,406.21
756,Massonnens,Betriebe,14,510,36.43
1005,Ettingen,Betriebe,14,5041,360.07
2382,Fahy,Betriebe,14,365,26.07
1870,Saint-Barthélemy (VD),Betriebe,14,778,55.57
248,Lyss,Betriebe,14,14706,1050.43
145,Wangen-Brüttisellen,Betriebe,14,7860,561.43
1043,Anwil,Betriebe,14,581,41.5
2291,Avusy,Betriebe,14,1405,100.36
3,Aeugst am Albis,Betriebe,14,1977,141.21
1068,Wintersingen,Betriebe,14,609,43.5
1502,Schafisheim,Betriebe,14,3071,219.36
974,Walterswil (SO),Betriebe,14,696,49.71
5,Bonstetten,Betriebe,14,5435,388.21
2328,Troinex,Betriebe,14,2274,162.43
1465,Zetzwil,Betriebe,14,1319,94.21
1105,Rüdlingen,Betriebe,14,749,53.5
397,Urtenen-Schönbühl,Betriebe,14,6216,444.0
1481,Wittnau,Betriebe,14,1255,89.64
1490,Egliswil,Betriebe,14,1352,96.57
905,Hochwald,Betriebe,14,1308,93.43
1434,Mandach,Betriebe,14,344,24.57
1368,Küttigen,Betriebe,14,6081,434.36
1512,Bettwil,Betriebe,14,617,44.07
2084,Luins,Betriebe,14,624,44.57
2082,Essertines-sur-Rolle,Betriebe,14,695,49.64
1417,Unterlunkhofen,Betriebe,14,1355,96.79
1115,Stein am Rhein,Betriebe,14,3421,244.36
1553,Safenwil,Betriebe,14,3740,267.14
1986,Féchy,Betriebe,14,892,63.71
1990,Saint-Livres,Betriebe,14,688,49.14
955,Lommiswil,Betriebe,14,1501,107.21
385,Zollikofen,Betriebe,14,10235,731.07
2326,Soral,Betriebe,14,767,54.79
866,Remaufens,Betriebe,14,1086,77.57
97,Seegräben,Betriebe,14,1443,103.07
2043,Longirod,Betriebe,14,458,32.71
2004,L'Isle,Betriebe,14,1031,73.64
1711,Onsernone,Betriebe,13,698,53.69
1416,Uezwil,Betriebe,13,460,35.38
965,Fulenbach,Betriebe,13,1742,134.0
1015,Brislach,Betriebe,13,1638,126.0
956,Oberdorf (SO),Betriebe,13,1685,129.62
265,Finsterhennen,Betriebe,13,586,45.08
1429,Effingen,Betriebe,13,603,46.38
2320,Plan-les-Ouates,Betriebe,13,10571,813.15
1442,Veltheim (AG),Betriebe,13,1447,111.31
2369,Soubey,Betriebe,13,134,10.31
1462,Schöftland,Betriebe,13,4239,326.08
2292,Bardonnex,Betriebe,13,2244,172.62
279,Jens,Betriebe,13,676,52.0
763,Villaz-Saint-Pierre,Betriebe,13,1285,98.85
777,Echarlens,Betriebe,13,802,61.69
1638,Bettwiesen,Betriebe,13,1177,90.54
1346,Avers,Betriebe,13,168,12.92
893,Lüterkofen-Ichertswil,Betriebe,13,783,60.23
803,Ependes (FR),Betriebe,13,1117,85.92
1001,Biel-Benken,Betriebe,13,3408,262.15
999,Allschwil,Betriebe,13,20695,1591.92
851,Plasselb,Betriebe,13,1040,80.0
2335,Boécourt,Betriebe,13,916,70.46
1566,Fisibach,Betriebe,13,458,35.23
2259,Rochefort,Betriebe,13,1237,95.15
282,Täuffelen,Betriebe,13,2805,215.77
1388,Oberrohrdorf,Betriebe,13,4082,314.0
423,Allmendingen,Betriebe,13,577,44.38
317,Herzogenbuchsee,Betriebe,13,6998,538.31
356,Wiler bei Utzenstorf,Betriebe,13,925,71.15
2213,Vérossaz,Betriebe,13,735,56.54
468,Heimberg,Betriebe,13,6691,514.69
187,Mont-Tramelan,Betriebe,13,116,8.92
1881,Bonvillars,Betriebe,13,493,37.92
1884,Concise,Betriebe,13,961,73.92
2152,Agarn,Betriebe,13,764,58.77
329,Wangenried,Betriebe,13,426,32.77
330,Wiedlisbach,Betriebe,13,2325,178.85
2101,Rossinière,Betriebe,13,544,41.85
1919,Vallorbe,Betriebe,13,3750,288.46
406,Häutligen,Betriebe,13,255,19.62
1924,Le Lieu,Betriebe,13,873,67.15
2138,Ernen,Betriebe,13,509,39.15
2195,Ferden,Betriebe,13,250,19.23
390,Diemerswil,Betriebe,13,199,15.31
1996,Cossonay,Betriebe,13,3642,280.15
1868,Poliez-Pittet,Betriebe,13,844,64.92
649,Wassen,Betriebe,13,441,33.92
1816,Chavannes-sur-Moudon,Betriebe,13,223,17.15
44,Bassersdorf,Betriebe,13,11616,893.54
288,Bannwil,Betriebe,13,690,53.08
2223,Venthône,Betriebe,13,1251,96.23
1258,Domat/Ems,Betriebe,13,8043,618.69
2177,Champéry,Betriebe,13,1324,101.85
1797,Chessel,Betriebe,13,395,30.38
1932,Cronay,Betriebe,13,376,28.92
636,Flüelen,Betriebe,13,2002,154.0
199,Champoz,Betriebe,13,159,12.23
1030,Bubendorf,Betriebe,13,4401,338.54
1838,Trey,Betriebe,13,262,20.15
443,Kehrsatz,Betriebe,13,4258,327.54
1865,Oulens-sous-Echallens,Betriebe,13,562,43.23
2048,Bassins,Betriebe,12,1317,109.75
2199,Unterbäch,Betriebe,12,412,34.33
1493,Hendschiken,Betriebe,12,1208,100.67
2066,Gland,Betriebe,12,12997,1083.08
1523,Rottenschwil,Betriebe,12,790,65.83
886,Holderbank (SO),Betriebe,12,664,55.33
2197,Niedergesteln,Betriebe,12,696,58.0
883,Balsthal,Betriebe,12,6099,508.25
1515,Buttwil,Betriebe,12,1210,100.83
2154,Ergisch,Betriebe,12,186,15.5
2116,Eggerberg,Betriebe,12,341,28.42
393,Iffwil,Betriebe,12,422,35.17
429,Gurbrü,Betriebe,12,247,20.58
1397,Würenlingen,Betriebe,12,4618,384.83
957,Riedholz,Betriebe,12,2296,191.33
1402,Berikon,Betriebe,12,4663,388.58
1403,Bremgarten (AG),Betriebe,12,7742,645.17
27,Andelfingen,Betriebe,12,2224,185.33
28,Henggart,Betriebe,12,2242,186.83
446,Lohnstorf,Betriebe,12,229,19.08
459,Seftigen,Betriebe,12,2194,182.83
460,Uttigen,Betriebe,12,1959,163.25
1439,Rüfenach,Betriebe,12,869,72.42
1449,Beinwil am See,Betriebe,12,3117,259.75
2039,Vullierens,Betriebe,12,460,38.33
408,Kiesen,Betriebe,12,937,78.08
1472,Hornussen,Betriebe,12,957,79.75
879,Oensingen,Betriebe,12,6263,521.92
2251,Zeneggen,Betriebe,12,280,23.33
525,Matten bei Interlaken,Betriebe,12,4040,336.67
328,Wangen an der Aare,Betriebe,12,2305,192.08
786,Riaz,Betriebe,12,2496,208.0
782,Marsens,Betriebe,12,1871,155.92
608,Nebikon,Betriebe,12,2600,216.67
775,Corbières,Betriebe,12,857,71.42
67,Boppelsen,Betriebe,12,1327,110.58
237,Safnern,Betriebe,12,1912,159.33
1141,Reute (AR),Betriebe,12,699,58.25
754,Ecublens (FR),Betriebe,12,332,27.67
313,Bettenhausen,Betriebe,12,645,53.75
741,Surpierre,Betriebe,12,712,59.33
734,Lully (FR),Betriebe,12,1163,96.92
253,Arch,Betriebe,12,1540,128.33
2265,Les Brenets,Betriebe,12,1041,86.75
293,Lotzwil,Betriebe,12,2557,213.08
2384,Grandfontaine,Betriebe,12,397,33.08
1383,Künten,Betriebe,12,1700,141.67
269,Lüscherz,Betriebe,12,530,44.17
600,Egolzwil,Betriebe,12,1439,119.92
808,Grolley,Betriebe,12,1945,162.08
1547,Kölliken,Betriebe,12,4336,361.33
2374,Bonfol,Betriebe,12,665,55.42
2021,Denens,Betriebe,12,767,63.92
845,Brünisried,Betriebe,12,648,54.0
1563,Böttstein,Betriebe,12,3942,328.5
1564,Döttingen,Betriebe,12,3864,322.0
2246,Staldenried,Betriebe,12,558,46.5
2228,Arbaz,Betriebe,12,1219,101.58
1955,Cheseaux-sur-Lausanne,Betriebe,12,4366,363.83
1952,Yverdon-les-Bains,Betriebe,12,29977,2498.08
1944,Suchy,Betriebe,12,606,50.5
1937,Mathod,Betriebe,12,616,51.33
1601,Felben-Wellhausen,Betriebe,12,2749,229.08
816,Prez-vers-Noréaz,Betriebe,12,1043,86.92
341,Höchstetten,Betriebe,12,287,23.92
340,Hindelbank,Betriebe,12,2458,204.83
1925,Belmont-sur-Yverdon,Betriebe,12,368,30.67
83,Schleinikon,Betriebe,12,726,60.5
812,Noréaz,Betriebe,12,652,54.33
2302,Collex-Bossy,Betriebe,12,1671,139.25
1139,Lutzenberg,Betriebe,12,1243,103.58
192,Sonceboz-Sombeval,Betriebe,12,1922,160.17
1062,Rünenberg,Betriebe,12,777,64.75
1375,Bellikon,Betriebe,12,1549,129.08
1291,Lostallo,Betriebe,12,785,65.42
1209,Weesen,Betriebe,12,1635,136.25
1337,Scharans,Betriebe,12,818,68.17
1348,Nufenen,Betriebe,12,150,12.5
1351,Andeer,Betriebe,12,948,79.0
1292,Mesocco,Betriebe,12,1354,112.83
1021,Liesberg,Betriebe,12,1131,94.25
1380,Freienwil,Betriebe,12,1035,86.25
1067,Wenslingen,Betriebe,12,709,59.08
1008,Oberwil (BL),Betriebe,12,11245,937.08
1065,Tenniken,Betriebe,12,934,77.83
177,Weiningen (ZH),Betriebe,12,4770,397.5
195,Villeret,Betriebe,12,932,77.67
1340,Flerden,Betriebe,12,247,20.58
1071,Zunzgen,Betriebe,12,2498,208.17
213,Seehof,Betriebe,11,65,5.91
1517,Geltwil,Betriebe,11,199,18.09
274,Vinelz,Betriebe,11,854,77.64
275,Bühl,Betriebe,11,438,39.82
2257,Cortaillod,Betriebe,11,4777,434.27
2088,Tartegnin,Betriebe,11,236,21.45
2075,Trélex,Betriebe,11,1446,131.45
7,Hedingen,Betriebe,11,3687,335.18
1920,Vaulion,Betriebe,11,492,44.73
1768,Monteceneri,Betriebe,11,4655,423.18
1496,Lenzburg,Betriebe,11,9503,863.91
333,Aefligen,Betriebe,11,1089,99.0
1023,Roggenburg,Betriebe,11,281,25.55
1480,Ueken,Betriebe,11,906,82.36
53,Hüntwangen,Betriebe,11,1025,93.18
417,Oppligen,Betriebe,11,654,59.45
922,Wisen (SO),Betriebe,11,403,36.64
643,Seedorf (UR),Betriebe,11,1794,163.09
1807,Roche (VD),Betriebe,11,1625,147.73
929,Derendingen,Betriebe,11,6437,585.18
1808,Villeneuve (VD),Betriebe,11,5573,506.64
1532,Obermumpf,Betriebe,11,1051,95.55
240,Sutz-Lattrigen,Betriebe,11,1390,126.36
23,Dorf,Betriebe,11,629,57.18
829,Fräschels,Betriebe,11,461,41.91
2351,Saulcy,Betriebe,11,249,22.64
1616,Mammern,Betriebe,11,653,59.36
797,Avry,Betriebe,11,1864,169.45
1298,Calanca,Betriebe,11,192,17.45
1313,Küblis,Betriebe,11,860,78.18
780,Hauteville,Betriebe,11,663,60.27
778,Grandvillard,Betriebe,11,812,73.82
1319,Falera,Betriebe,11,608,55.27
395,Moosseedorf,Betriebe,11,3975,361.36
2140,Fieschertal,Betriebe,11,321,29.18
68,Buchs (ZH),Betriebe,11,6359,578.09
346,Lyssach,Betriebe,11,1430,130.0
40,Volken,Betriebe,11,341,31.0
121,Uetikon am See,Betriebe,11,6076,552.36
1180,St. Margrethen,Betriebe,11,5841,531.0
2301,Choulex,Betriebe,11,1115,101.36
87,Weiach,Betriebe,11,1483,134.82
1175,Au (SG),Betriebe,11,7541,685.55
744,Delley-Portalban,Betriebe,11,1086,98.73
2303,Collonge-Bellerive,Betriebe,11,8067,733.36
986,Himmelried,Betriebe,11,926,84.18
1569,Klingnau,Betriebe,11,3340,303.64
2106,Corsier-sur-Vevey,Betriebe,11,3420,310.91
1562,Böbikon,Betriebe,11,170,15.45
1934,Démoret,Betriebe,11,126,11.45
1555,Strengelbach,Betriebe,11,4669,424.45
2103,Blonay,Betriebe,11,6125,556.82
528,Ringgenberg (BE),Betriebe,11,2687,244.27
52,Höri,Betriebe,11,2706,246.0
404,Freimettigen,Betriebe,11,484,44.0
1411,Oberlunkhofen,Betriebe,11,1978,179.82
1381,Gebenstorf,Betriebe,11,5157,468.82
2037,Villars-sous-Yens,Betriebe,11,594,54.0
1993,La Chaux (Cossonay),Betriebe,11,422,38.36
1407,Fischbach-Göslikon,Betriebe,11,1630,148.18
1828,Corcelles-le-Jorat,Betriebe,11,427,38.82
323,Rumisberg,Betriebe,11,479,43.55
1983,Berolle,Betriebe,11,302,27.45
2041,Allaman,Betriebe,11,435,39.55
941,Subingen,Betriebe,11,3102,282.0
1371,Suhr,Betriebe,11,9990,908.18
1867,Penthéréaz,Betriebe,11,412,37.45
302,Rütschelen,Betriebe,11,568,51.64
1843,Bettens,Betriebe,11,583,53.0
1421,Zufikon,Betriebe,11,4404,400.36
2234,Baltschieder,Betriebe,11,1308,118.91
2179,Monthey,Betriebe,11,17573,1597.55
1394,Untersiggenthal,Betriebe,11,7224,656.73
1427,Bözen,Betriebe,11,740,67.27
1452,Dürrenäsch,Betriebe,11,1213,110.27
2034,Saint-Prex,Betriebe,11,5687,517.0
524,Lütschental,Betriebe,11,227,20.64
1818,Dompierre (VD),Betriebe,11,242,22.0
547,Greppen,Betriebe,11,1052,95.64
2348,Pleigne,Betriebe,11,344,31.27
2064,Gingins,Betriebe,11,1210,110.0
1933,Cuarny,Betriebe,10,238,23.8
983,Erschwil,Betriebe,10,906,90.6
79,Otelfingen,Betriebe,10,2837,283.7
951,Günsberg,Betriebe,10,1181,118.1
226,Meinisberg,Betriebe,10,1311,131.1
737,Nuvilly,Betriebe,10,407,40.7
2184,Vionnaz,Betriebe,10,2594,259.4
1989,Montherod,Betriebe,10,515,51.5
2377,Cornol,Betriebe,10,1050,105.0
117,Männedorf,Betriebe,10,10830,1083.0
399,Zuzwil (BE),Betriebe,10,572,57.2
858,Tentlingen,Betriebe,10,1323,132.3
1059,Rickenbach (BL),Betriebe,10,601,60.1
1548,Moosleerau,Betriebe,10,903,90.3
1631,Münsterlingen,Betriebe,10,3333,333.3
1862,Fey,Betriebe,10,697,69.7
1719,Arogno,Betriebe,10,1004,100.4
874,Härkingen,Betriebe,10,1554,155.4
2201,Mörel-Filet,Betriebe,10,681,68.1
1094,Büttenhardt,Betriebe,10,360,36.0
227,Pieterlen,Betriebe,10,4169,416.9
1700,Lavertezzo,Betriebe,10,1318,131.8
2150,Mont-Noble,Betriebe,10,1056,105.6
69,Dällikon,Betriebe,10,4080,408.0
958,Rüttenen,Betriebe,10,1491,149.1
2296,Cartigny,Betriebe,10,894,89.4
1885,Corcelles-près-Concise,Betriebe,10,381,38.1
1405,Dottikon,Betriebe,10,3891,389.1
831,Gempenach,Betriebe,10,297,29.7
1879,Oppens,Betriebe,10,186,18.6
1312,Conters im Prättigau,Betriebe,10,221,22.1
1897,Tévenon,Betriebe,10,790,79.0
595,Alberswil,Betriebe,10,648,64.8
1079,Lampenberg,Betriebe,10,503,50.3
1731,Croglio,Betriebe,10,875,87.5
1687,Giornico,Betriebe,10,879,87.9
511,Bönigen,Betriebe,10,2531,253.1
1413,Rudolfstetten-Friedlisberg,Betriebe,10,4489,448.9
835,Kleinbösingen,Betriebe,10,641,64.1
229,Bellmund,Betriebe,10,1619,161.9
474,Pohlern,Betriebe,10,257,25.7
1943,Rovray,Betriebe,10,171,17.1
1084,Oberdorf (BL),Betriebe,10,2430,243.0
74,Niederglatt,Betriebe,10,4914,491.4
1533,Olsberg,Betriebe,10,357,35.7
968,Hägendorf,Betriebe,10,4949,494.9
1257,Bonaduz,Betriebe,10,3229,322.9
2245,Stalden (VS),Betriebe,10,1119,111.9
902,Büren (SO),Betriebe,10,1008,100.8
943,Drei Höfe,Betriebe,10,731,73.1
1915,Rances,Betriebe,10,472,47.2
1832,Chevroux,Betriebe,10,446,44.6
1450,Birrwil,Betriebe,10,1186,118.6
1829,Ropraz,Betriebe,10,439,43.9
1767,Alto Malcantone,Betriebe,10,1414,141.4
442,Kaufdorf,Betriebe,10,1066,106.6
1186,Rebstein,Betriebe,10,4480,448.0
1498,Möriken-Wildegg,Betriebe,10,4394,439.4
1444,Villnachern,Betriebe,10,1624,162.4
1778,Stabio,Betriebe,10,4627,462.7
916,Niedergösgen,Betriebe,10,3831,383.1
1078,Hölstein,Betriebe,10,2457,245.7
909,Rodersdorf,Betriebe,10,1313,131.3
2007,Mont-la-Ville,Betriebe,10,400,40.0
284,Worben,Betriebe,10,2259,225.9
2345,Mervelier,Betriebe,10,490,49.0
1347,Hinterrhein,Betriebe,10,68,6.8
1759,Sessa,Betriebe,10,703,70.3
1086,Titterten,Betriebe,10,408,40.8
1083,Niederdorf,Betriebe,10,1825,182.5
966,Gretzenbach,Betriebe,10,2703,270.3
2071,La Rippe,Betriebe,10,1158,115.8
1342,Thusis,Betriebe,10,3044,304.4
1819,Hermenches,Betriebe,10,379,37.9
1467,Eiken,Betriebe,10,2255,225.5
2203,Bettmeralp,Betriebe,10,442,44.2
1982,Ballens,Betriebe,10,509,50.9
447,Mühlethurnen,Betriebe,10,1385,138.5
2157,Leukerbad,Betriebe,10,1433,143.3
920,Trimbach,Betriebe,10,6553,655.3
1032,Füllinsdorf,Betriebe,10,4404,440.4
930,Etziken,Betriebe,10,825,82.5
1820,Lovatens,Betriebe,9,143,15.89
62,Wasterkingen,Betriebe,9,562,62.44
1827,Vucherens,Betriebe,9,557,61.89
51,Hochfelden,Betriebe,9,1962,218.0
2036,Vaux-sur-Morges,Betriebe,9,199,22.11
1899,Agiez,Betriebe,9,291,32.33
233,Mörigen,Betriebe,9,858,95.33
327,Walliswil bei Wangen,Betriebe,9,594,66.0
290,Busswil bei Melchnau,Betriebe,9,185,20.56
784,Le Pâquier (FR),Betriebe,9,1168,129.78
396,Münchenbuchsee,Betriebe,9,10122,1124.67
1792,Avegno Gordevio,Betriebe,9,1479,164.33
1801,Leysin,Betriebe,9,4172,463.56
1050,Hemmiken,Betriebe,9,260,28.89
150,Dättlikon,Betriebe,9,781,86.78
680,Riemenstalden,Betriebe,9,88,9.78
183,Cormoret,Betriebe,9,480,53.33
315,Graben,Betriebe,9,335,37.22
2338,Courchapoix,Betriebe,9,444,49.33
2200,Wiler (Lötschen),Betriebe,9,570,63.33
2274,Enges,Betriebe,9,274,30.44
1817,Curtilles,Betriebe,9,309,34.33
264,Erlach,Betriebe,9,1450,161.11
2278,Neuchâtel,Betriebe,9,33772,3752.44
1087,Waldenburg,Betriebe,9,1179,131.0
2387,Vendlincourt,Betriebe,9,557,61.89
335,Burgdorf,Betriebe,9,16295,1810.56
1018,Duggingen,Betriebe,9,1540,171.11
2056,Commugny,Betriebe,9,2824,313.78
2280,La Tène,Betriebe,9,4967,551.89
519,Hofstetten bei Brienz,Betriebe,9,538,59.78
1262,Tamins,Betriebe,9,1201,133.44
2080,Burtigny,Betriebe,9,359,39.89
138,Fällanden,Betriebe,9,8417,935.22
742,Vallon,Betriebe,9,412,45.78
2289,Anières,Betriebe,9,2495,277.22
142,Schwerzenbach,Betriebe,9,5069,563.22
403,Brenzikofen,Betriebe,9,495,55.0
1038,Pratteln,Betriebe,9,16153,1794.78
254,Büetigen,Betriebe,9,859,95.44
1772,Chiasso,Betriebe,9,8331,925.67
755,Grangettes,Betriebe,9,185,20.56
2015,Aclens,Betriebe,9,521,57.89
501,Krattigen,Betriebe,9,1124,124.89
314,Farnern,Betriebe,9,208,23.11
1384,Mägenwil,Betriebe,9,2114,234.89
104,Langnau am Albis,Betriebe,9,7502,833.56
1357,Zillis-Reischen,Betriebe,9,391,43.44
1370,Oberentfelden,Betriebe,9,7743,860.33
2000,Eclépens,Betriebe,9,1036,115.11
1344,Urmein,Betriebe,9,147,16.33
1426,Birrhard,Betriebe,9,695,77.22
1949,Valeyres-sous-Ursins,Betriebe,9,247,27.44
1430,Elfingen,Betriebe,9,284,31.56
1495,Hunzenschwil,Betriebe,9,3954,439.33
350,Rumendingen,Betriebe,9,81,9.0
945,Balm bei Günsberg,Betriebe,9,203,22.56
2311,Gy,Betriebe,9,483,53.67
176,Urdorf,Betriebe,9,9657,1073.0
904,Gempen,Betriebe,9,884,98.22
1497,Meisterschwanden,Betriebe,9,2885,320.56
2192,Blatten,Betriebe,9,293,32.56
982,Büsserach,Betriebe,9,2251,250.11
1463,Teufenthal (AG),Betriebe,9,1575,175.0
1210,Schmerikon,Betriebe,9,3738,415.33
544,Dierikon,Betriebe,9,1481,164.56
1561,Baldingen,Betriebe,9,275,30.56
1112,Buch (SH),Betriebe,9,313,34.78
1113,Hemishofen,Betriebe,9,472,52.44
2373,Boncourt,Betriebe,9,1205,133.89
932,Halten,Betriebe,9,873,97.0
1543,Attelwil,Betriebe,9,284,31.56
963,Dulliken,Betriebe,9,4910,545.56
962,Däniken,Betriebe,9,2776,308.44
2375,Bure,Betriebe,9,685,76.11
1391,Spreitenbach,Betriebe,9,11531,1281.22
475,Schwendibach,Betriebe,9,247,27.44
1341,Masein,Betriebe,9,478,53.11
2188,Bitsch,Betriebe,9,932,103.56
433,Münchenwiler,Betriebe,9,495,55.0
917,Obergösgen,Betriebe,9,2199,244.33
1477,Oeschgen,Betriebe,9,965,107.22
1945,Suscévaz,Betriebe,9,199,22.11
878,Oberbuchsiten,Betriebe,9,2173,241.44
2013,Senarclens,Betriebe,9,459,51.0
865,Granges (Veveyse),Betriebe,9,847,94.11
2361,Les Enfers,Betriebe,9,142,15.78
2009,Orny,Betriebe,9,370,41.11
1537,Wallbach,Betriebe,9,1920,213.33
1773,Coldrerio,Betriebe,8,2892,361.5
2209,Massongex,Betriebe,8,1823,227.88
2331,Versoix,Betriebe,8,13247,1655.88
1305,Haldenstein,Betriebe,8,1030,128.75
2073,Signy-Avenex,Betriebe,8,542,67.75
1501,Rupperswil,Betriebe,8,5388,673.5
1350,Sufers,Betriebe,8,126,15.75
2076,Le Vaud,Betriebe,8,1265,158.12
1921,Vuiteboeuf,Betriebe,8,562,70.25
2079,Bursins,Betriebe,8,768,96.0
1974,Maracon,Betriebe,8,449,56.12
2256,Corcelles-Cormondrèche,Betriebe,8,4732,591.5
894,Lüterswil-Gächliwil,Betriebe,8,327,40.88
892,Biezwil,Betriebe,8,340,42.5
352,Willadingen,Betriebe,8,206,25.75
190,Romont (BE),Betriebe,8,195,24.38
2089,Vinzel,Betriebe,8,352,44.0
981,Breitenbach,Betriebe,8,3849,481.12
2224,Veyras,Betriebe,8,1804,225.5
2027,Lonay,Betriebe,8,2528,316.0
1788,Cevio,Betriebe,8,1177,147.12
1904,Bofflens,Betriebe,8,188,23.5
380,Muri bei Bern,Betriebe,8,13037,1629.62
1415,Tägerig,Betriebe,8,1519,189.88
2044,Marchissy,Betriebe,8,435,54.38
1081,Lauwil,Betriebe,8,333,41.62
1876,Ogens,Betriebe,8,295,36.88
1374,Baden,Betriebe,8,19222,2402.75
1888,Giez,Betriebe,8,412,51.5
1910,Lignerolle,Betriebe,8,405,50.62
1396,Wohlenschwil,Betriebe,8,1538,192.25
1890,Grandson,Betriebe,8,3316,414.5
212,Schelten,Betriebe,8,37,4.62
2032,Reverolle,Betriebe,8,371,46.38
382,Stettlen,Betriebe,8,3141,392.62
1387,Niederrohrdorf,Betriebe,8,3747,468.38
1909,Juriens,Betriebe,8,303,37.88
1435,Mönthal,Betriebe,8,388,48.5
2317,Meyrin,Betriebe,8,23044,2880.5
2322,Presinge,Betriebe,8,649,81.12
2241,Saas-Balen,Betriebe,8,366,45.75
2069,Nyon,Betriebe,8,20272,2534.0
921,Winznau,Betriebe,8,1827,228.38
646,Sisikon,Betriebe,8,373,46.62
1073,Arboldswil,Betriebe,8,561,70.12
207,Perrefitte,Betriebe,8,450,56.25
933,Horriwil,Betriebe,8,870,108.75
1438,Riniken,Betriebe,8,1486,185.75
2003,Grancy,Betriebe,8,408,51.0
2065,Givrins,Betriebe,8,1020,127.5
2062,Founex,Betriebe,8,3720,465.0
197,Péry-La Heutte,Betriebe,8,1919,239.88
2324,Russin,Betriebe,8,540,67.5
637,Göschenen,Betriebe,8,450,56.25
516,Gsteigwiler,Betriebe,8,398,49.75
278,Hermrigen,Betriebe,8,312,39.0
1582,Bad Zurzach,Betriebe,8,4165,520.62
2337,Châtillon (JU),Betriebe,8,483,60.38
1558,Wiliberg,Betriebe,8,167,20.88
1696,Brissago,Betriebe,8,1773,221.62
1997,Cottens (VD),Betriebe,8,484,60.5
988,Meltingen,Betriebe,8,663,82.88
2290,Avully,Betriebe,8,1761,220.12
1936,Ependes (VD),Betriebe,8,351,43.88
1938,Molondin,Betriebe,8,218,27.25
211,Saules (BE),Betriebe,8,157,19.62
347,Mötschwil,Betriebe,8,134,16.75
1585,Arbon,Betriebe,8,14340,1792.5
1586,Dozwil,Betriebe,8,728,91.0
1100,Bargen (SH),Betriebe,8,302,37.75
2194,Eischoll,Betriebe,8,443,55.38
394,Mattstetten,Betriebe,8,566,70.75
2372,Beurnevésin,Betriebe,8,127,15.88
70,Dänikon,Betriebe,8,1884,235.5
2380,Courtedoux,Betriebe,8,761,95.12
71,Dielsdorf,Betriebe,8,5992,749.0
1320,Laax,Betriebe,8,1725,215.62
84,Schöfflisdorf,Betriebe,8,1394,174.25
1007,Muttenz,Betriebe,8,17723,2215.38
995,Riehen,Betriebe,8,20895,2611.88
1171,Tübach,Betriebe,8,1418,177.25
342,Kernenried,Betriebe,8,539,67.38
795,Arconciel,Betriebe,8,913,114.12
77,Oberglatt,Betriebe,8,6981,872.62
1628,Kreuzlingen,Betriebe,8,21560,2695.0
225,Lengnau (BE),Betriebe,8,5071,633.88
1901,Ballaigues,Betriebe,8,1114,139.25
873,Egerkingen,Betriebe,8,3527,440.88
1282,Sils im Engadin/Segl,Betriebe,8,714,89.25
2273,Cressier (NE),Betriebe,8,1921,240.12
387,Ostermundigen,Betriebe,8,17127,2140.88
1709,Tenero-Contra,Betriebe,8,3040,380.0
2347,Movelier,Betriebe,8,391,48.88
863,Bossonnens,Betriebe,8,1475,184.38
735,Ménières,Betriebe,8,410,51.25
1242,Lantsch/Lenz,Betriebe,7,538,76.86
1274,Bever,Betriebe,7,616,88.0
2047,Arzier-Le Muids,Betriebe,7,2629,375.57
1424,Auenstein,Betriebe,7,1584,226.29
2216,Chippis,Betriebe,7,1615,230.71
2378,Courchavon,Betriebe,7,293,41.86
2052,Chavannes-de-Bogis,Betriebe,7,1305,186.43
351,Rüti bei Lyssach,Betriebe,7,161,23.0
1863,Froideville,Betriebe,7,2462,351.71
2349,Rebeuvelier,Betriebe,7,379,54.14
521,Iseltwald,Betriebe,7,433,61.86
906,Hofstetten-Flüh,Betriebe,7,3183,454.71
1744,Mezzovico-Vira,Betriebe,7,1375,196.43
1069,Wittinsburg,Betriebe,7,421,60.14
72,Hüttikon,Betriebe,7,920,131.43
1847,Lussery-Villars,Betriebe,7,460,65.71
2141,Lax,Betriebe,7,295,42.14
1845,Boussens,Betriebe,7,980,140.0
1844,Bournens,Betriebe,7,372,53.14
1367,Hirschthal,Betriebe,7,1584,226.29
22,Dachsen,Betriebe,7,1998,285.43
2212,Vernayaz,Betriebe,7,1881,268.71
1839,Treytorrens (Payerne),Betriebe,7,131,18.71
2350,Rossemaison,Betriebe,7,653,93.29
303,Schwarzhäusern,Betriebe,7,506,72.29
543,Buchrain,Betriebe,7,6192,884.57
2054,Chéserex,Betriebe,7,1237,176.71
1039,Ramlinsburg,Betriebe,7,712,101.71
2180,Port-Valais,Betriebe,7,3937,562.43
2306,Corsier (GE),Betriebe,7,2029,289.86
1304,Tschiertschen-Praden,Betriebe,7,327,46.71
78,Oberweningen,Betriebe,7,1786,255.14
208,Reconvilier,Betriebe,7,2347,335.29
1278,La Punt-Chamues-ch,Betriebe,7,745,106.43
801,Corserey,Betriebe,7,409,58.43
807,Granges-Paccot,Betriebe,7,3606,515.14
1894,Onnens (VD),Betriebe,7,500,71.43
961,Boningen,Betriebe,7,770,110.0
799,Chénens,Betriebe,7,844,120.57
2218,Icogne,Betriebe,7,566,80.86
485,Zwieselberg,Betriebe,7,319,45.57
1379,Fislisbach,Betriebe,7,5526,789.43
967,Gunzgen,Betriebe,7,1659,237.0
1886,Fiez,Betriebe,7,427,61.0
1994,Chavannes-le-Veyron,Betriebe,7,143,20.43
809,Marly,Betriebe,7,8185,1169.29
1991,Saint-Oyens,Betriebe,7,349,49.86
1882,Bullet,Betriebe,7,629,89.86
1406,Eggenwil,Betriebe,7,976,139.43
1905,Bretonnières,Betriebe,7,258,36.86
257,Dotzigen,Betriebe,7,1501,214.43
2012,La Sarraz,Betriebe,7,2586,369.43
2011,Pompaples,Betriebe,7,860,122.86
813,Pierrafortscha,Betriebe,7,148,21.14
1835,Henniez,Betriebe,7,334,47.71
2060,Duillier,Betriebe,7,1070,152.86
1831,Champtauroz,Betriebe,7,130,18.57
2210,Saint-Maurice,Betriebe,7,4566,652.29
1097,Stetten (SH),Betriebe,7,1348,192.57
897,Unterramsern,Betriebe,7,207,29.57
2110,La Tour-de-Peilz,Betriebe,7,11652,1664.57
2026,Lavigny,Betriebe,7,1007,143.86
918,Rohr (SO),Betriebe,7,95,13.57
1579,Siglistorf,Betriebe,7,636,90.86
1166,Goldach,Betriebe,7,9052,1293.14
2006,Moiry,Betriebe,7,304,43.43
55,Lufingen,Betriebe,7,2210,315.71
1260,Felsberg,Betriebe,7,2547,363.86
1355,Mathon,Betriebe,7,51,7.29
1713,Terre di Pedemonte,Betriebe,7,2608,372.57
2148,Saint-Martin (VS),Betriebe,7,837,119.57
664,Innerthal,Betriebe,7,193,27.57
1066,Thürnen,Betriebe,7,1419,202.71
1489,Dintikon,Betriebe,7,2188,312.57
2232,Veysonnaz,Betriebe,7,611,87.29
1777,Riva San Vitale,Betriebe,7,2627,375.29
2314,Laconnex,Betriebe,7,654,93.43
841,Ulmiz,Betriebe,7,424,60.57
1284,Zuoz,Betriebe,7,1214,173.43
529,Saxeten,Betriebe,7,98,14.0
1500,Othmarsingen,Betriebe,7,2721,388.71
1708,Sonogno,Betriebe,7,87,12.43
1020,Laufen,Betriebe,7,5535,790.71
238,Scheuren,Betriebe,7,451,64.43
2319,Perly-Certoux,Betriebe,7,3028,432.57
58,Opfikon,Betriebe,7,19599,2799.86
1674,Isone,Betriebe,7,384,54.86
2086,Perroy,Betriebe,7,1459,208.43
940,Recherswil,Betriebe,7,1932,276.0
1723,Bioggio,Betriebe,7,2648,378.29
1826,Villars-le-Comte,Betriebe,7,143,20.43
2061,Eysins,Betriebe,7,1521,217.29
2381,Damphreux,Betriebe,7,178,25.43
29,Humlikon,Betriebe,7,496,70.86
2344,Ederswiler,Betriebe,7,112,16.0
732,Fétigny,Betriebe,7,978,139.71
445,Kirchenthurnen,Betriebe,7,280,40.0
749,Auboranges,Betriebe,7,282,40.29
1922,L'Abbaye,Betriebe,7,1467,209.57
1279,Samedan,Betriebe,7,2980,425.71
1815,Bussy-sur-Moudon,Betriebe,7,208,29.71
298,Reisiswil,Betriebe,7,185,26.43
2385,Lugnez,Betriebe,7,182,26.0
216,Rebévelier,Betriebe,7,43,6.14
1931,Cheseaux-Noréaz,Betriebe,6,669,111.5
2028,Lully (VD),Betriebe,6,787,131.17
169,Dietikon,Betriebe,6,27076,4512.67
349,Rüdtligen-Alchenflüh,Betriebe,6,2423,403.83
2235,Eisten,Betriebe,6,201,33.5
2020,Clarmont,Betriebe,6,175,29.17
2023,Echandens,Betriebe,6,2738,456.33
1926,Bioley-Magnoux,Betriebe,6,230,38.33
2016,Bremblens,Betriebe,6,517,86.17
1911,Montcherand,Betriebe,6,471,78.5
1970,Saint-Saphorin (Lavaux),Betriebe,6,393,65.5
2014,Sévery,Betriebe,6,242,40.33
1941,Orzens,Betriebe,6,201,33.5
357,Zielebach,Betriebe,6,312,52.0
527,Oberried am Brienzersee,Betriebe,6,457,76.17
2018,Bussy-Chardonney,Betriebe,6,370,61.67
1939,Montagny-près-Yverdon,Betriebe,6,734,122.33
2029,Lussy-sur-Morges,Betriebe,6,645,107.5
1985,Bougy-Villars,Betriebe,6,472,78.67
1964,Pully,Betriebe,6,17972,2995.33
1694,Brione (Verzasca),Betriebe,6,175,29.17
1883,Champagne,Betriebe,6,1028,171.33
224,Evilard,Betriebe,6,2601,433.5
1505,Staufen,Betriebe,6,3160,526.67
901,Bättwil,Betriebe,6,1195,199.17
214,Sorvilier,Betriebe,6,285,47.5
884,Gänsbrunnen,Betriebe,6,91,15.17
1338,Sils im Domleschg,Betriebe,6,926,154.33
2332,Veyrier,Betriebe,6,11535,1922.5
223,Biel/Bienne,Betriebe,6,54456,9076.0
984,Fehren,Betriebe,6,594,99.0
1004,Bottmingen,Betriebe,6,6528,1088.0
230,Brügg,Betriebe,6,4283,713.83
990,Zullwil,Betriebe,6,651,108.5
828,Cressier (FR),Betriebe,6,942,157.0
826,Courgevaux,Betriebe,6,1408,234.67
1322,Schluein,Betriebe,6,624,104.0
1045,Buckten,Betriebe,6,696,116.0
811,Neyruz (FR),Betriebe,6,2587,431.17
2360,La Chaux-des-Breuleux,Betriebe,6,100,16.67
911,Witterswil,Betriebe,6,1486,247.67
1486,Ammerswil,Betriebe,6,690,115.0
1354,Lohn (GR),Betriebe,6,44,7.33
1382,Killwangen,Betriebe,6,1981,330.17
1401,Arni (AG),Betriebe,6,1868,311.33
1404,Büttikon,Betriebe,6,1002,167.0
1419,Widen,Betriebe,6,3651,608.5
949,Flumenthal,Betriebe,6,964,160.67
1422,Islisberg,Betriebe,6,632,105.33
1428,Brugg,Betriebe,6,11204,1867.33
441,Jaberg,Betriebe,6,270,45.0
200,Corcelles (BE),Betriebe,6,203,33.83
196,Sauge,Betriebe,6,834,139.0
1454,Holziken,Betriebe,6,1320,220.0
1455,Leimbach (AG),Betriebe,6,475,79.17
1457,Menziken,Betriebe,6,6066,1011.0
1361,Aarau,Betriebe,6,21036,3506.0
204,Grandval,Betriebe,6,387,64.5
1000,Arlesheim,Betriebe,6,9287,1547.83
1104,Neuhausen am Rheinfall,Betriebe,6,10407,1734.5
174,Uitikon,Betriebe,6,4155,692.5
1861,Etagnières,Betriebe,6,1120,186.67
2272,Cornaux,Betriebe,6,1594,265.67
2206,Dorénaz,Betriebe,6,911,151.83
2091,Crissier,Betriebe,6,7869,1311.5
1852,Vufflens-la-Ville,Betriebe,6,1252,208.67
1851,Sullens,Betriebe,6,976,162.67
1748,Muzzano,Betriebe,6,804,134.0
235,Orpund,Betriebe,6,2727,454.5
1017,Dittingen,Betriebe,6,740,123.33
1751,Origlio,Betriebe,6,1466,244.33
2078,Bursinel,Betriebe,6,487,81.17
280,Merzligen,Betriebe,6,405,67.5
281,Studen (BE),Betriebe,6,3256,542.67
1022,Nenzlingen,Betriebe,6,430,71.67
1385,Mellingen,Betriebe,6,5369,894.83
1259,Rhäzüns,Betriebe,6,1463,243.83
2067,Grens,Betriebe,6,380,63.33
2051,Borex,Betriebe,6,1121,186.83
733,Gletterens,Betriebe,6,1033,172.17
388,Bäriswil,Betriebe,6,1054,175.67
60,Rorbas,Betriebe,6,2814,469.0
320,Niederönz,Betriebe,6,1694,282.33
1290,Santa Maria in Calanca,Betriebe,6,110,18.33
1096,Lohn (SH),Betriebe,6,765,127.5
2045,Saint-George,Betriebe,6,992,165.33
1011,Schönenbuch,Betriebe,6,1391,231.83
513,Brienzwiler,Betriebe,6,493,82.17
2279,Saint-Blaise,Betriebe,6,3232,538.67
1710,Vogorno,Betriebe,6,272,45.33
1014,Blauen,Betriebe,6,694,115.67
514,Därligen,Betriebe,6,429,71.5
1813,Faoug,Betriebe,6,879,146.5
1999,Dizy,Betriebe,5,222,44.4
202,Crémines,Betriebe,5,532,106.4
425,Clavaleyres,Betriebe,5,49,9.8
203,Eschert,Betriebe,5,389,77.8
523,Leissigen,Betriebe,5,1036,207.2
398,Wiggiswil,Betriebe,5,98,19.6
2070,Prangins,Betriebe,5,4062,812.4
2161,Guttet-Feschel,Betriebe,5,421,84.2
2207,Evionnaz,Betriebe,5,1234,246.8
2087,Rolle,Betriebe,5,6168,1233.6
2158,Oberems,Betriebe,5,123,24.6
2153,Albinen,Betriebe,5,241,48.2
530,Schwanden bei Brienz,Betriebe,5,582,116.4
209,Roches (BE),Betriebe,5,210,42.0
2107,Jongny,Betriebe,5,1488,297.6
2139,Fiesch,Betriebe,5,901,180.2
2137,Binn,Betriebe,5,144,28.8
2136,Bellwald,Betriebe,5,395,79.0
205,Loveresse,Betriebe,5,326,65.2
1671,Arbedo-Castione,Betriebe,5,4944,988.8
1995,Chevilly,Betriebe,5,296,59.2
1858,Cugy (VD),Betriebe,5,2730,546.0
751,Chapelle (Glâne),Betriebe,5,277,55.4
1010,Reinach (BL),Betriebe,5,19021,3804.2
1287,Buseno,Betriebe,5,92,18.4
1688,Personico,Betriebe,5,340,68.0
1689,Pollegio,Betriebe,5,780,156.0
1726,Cademario,Betriebe,5,791,158.2
1733,Curio,Betriebe,5,546,109.2
1736,Lamone,Betriebe,5,1785,357.0
16,Wettswil am Albis,Betriebe,5,5123,1024.6
277,Hagneck,Betriebe,5,413,82.6
1762,Torricella-Taverne,Betriebe,5,3066,613.2
1766,Collina d'Oro,Betriebe,5,4656,931.2
2247,Täsch,Betriebe,5,1237,247.4
1775,Morbio Inferiore,Betriebe,5,4597,919.4
1024,Röschenz,Betriebe,5,1831,366.2
2240,Saas-Almagell,Betriebe,5,386,77.2
2239,Randa,Betriebe,5,444,88.8
1825,Syens,Betriebe,5,146,29.2
312,Berken,Betriebe,5,43,8.6
1849,Penthalaz,Betriebe,5,3247,649.4
1850,Penthaz,Betriebe,5,1698,339.6
1293,Soazza,Betriebe,5,353,70.6
1294,Cama,Betriebe,5,572,114.4
1009,Pfeffingen,Betriebe,5,2363,472.6
1492,Hallwil,Betriebe,5,872,174.4
1386,Neuenhof,Betriebe,5,8750,1750.0
1378,Ennetbaden,Betriebe,5,3415,683.0
939,Oekingen,Betriebe,5,833,166.6
969,Kappel (SO),Betriebe,5,3157,631.4
2323,Puplinge,Betriebe,5,2345,469.0
937,Luterbach,Betriebe,5,3506,701.2
936,Lohn-Ammannsegg,Betriebe,5,2772,554.4
2329,Vandoeuvres,Betriebe,5,2521,504.2
1478,Schwaderloch,Betriebe,5,684,136.8
2308,Genève,Betriebe,5,198979,39795.8
771,Botterens,Betriebe,5,569,113.8
985,Grindel,Betriebe,5,491,98.2
2305,Confignon,Betriebe,5,4587,917.4
2352,Soyhières,Betriebe,5,462,92.4
819,Villars-sur-Glâne,Betriebe,5,12128,2425.6
123,Zollikon,Betriebe,5,12791,2558.2
80,Regensberg,Betriebe,5,472,94.4
2298,Chancy,Betriebe,5,1647,329.4
1303,Maladers,Betriebe,5,523,104.6
1006,Münchenstein,Betriebe,5,12119,2423.8
1034,Hersberg,Betriebe,5,330,66.0
1016,Burg im Leimental,Betriebe,5,261,52.2
1035,Lausen,Betriebe,5,5054,1010.8
1929,Chavannes-le-Chêne,Betriebe,5,300,60.0
1898,L'Abergement,Betriebe,5,240,48.0
1948,Valeyres-sous-Montagny,Betriebe,5,692,138.4
1947,Ursins,Betriebe,5,210,42.0
1893,Novalles,Betriebe,5,101,20.2
157,Pfungen,Betriebe,5,3769,753.8
1891,Mauborget,Betriebe,5,123,24.6
326,Walliswil bei Niederbipp,Betriebe,5,211,42.2
592,Sursee,Betriebe,5,9621,1924.2
1875,Boulens,Betriebe,5,368,73.6
1061,Rümlingen,Betriebe,5,388,77.6
1940,Orges,Betriebe,5,292,58.4
1913,La Praz,Betriebe,5,159,31.8
1053,Kilchberg (BL),Betriebe,5,157,31.4
173,Schlieren,Betriebe,5,18749,3749.8
1914,Premier,Betriebe,5,196,39.2
1916,Romainmôtier-Envy,Betriebe,5,547,109.4
339,Hellsau,Betriebe,5,206,41.2
1864,Morrens (VD),Betriebe,5,1075,215.0
1869,Rueyres,Betriebe,5,270,54.0
1052,Känerkinden,Betriebe,4,523,130.75
1570,Koblenz,Betriebe,4,1632,408.0
1576,Rietheim,Betriebe,4,740,185.0
1577,Rümikon,Betriebe,4,309,77.25
832,Greng,Betriebe,4,175,43.75
1649,Wilen (TG),Betriebe,4,2490,622.5
1946,Treycovagnes,Betriebe,4,445,111.25
1930,Chêne-Pâquier,Betriebe,4,139,34.75
783,Morlon,Betriebe,4,587,146.75
1321,Sagogn,Betriebe,4,702,175.5
820,Villarsel-sur-Marly,Betriebe,4,79,19.75
1064,Tecknau,Betriebe,4,858,214.5
1542,Aarburg,Betriebe,4,7854,1963.5
1611,Berlingen,Betriebe,4,884,221.0
1002,Binningen,Betriebe,4,15391,3847.75
805,Fribourg,Betriebe,4,38829,9707.25
1335,Fürstenau,Betriebe,4,345,86.25
1956,Epalinges,Betriebe,4,9326,2331.5
1536,Stein (AG),Betriebe,4,3215,803.75
548,Honau,Betriebe,4,363,90.75
2001,Ferreyres,Betriebe,4,316,79.0
964,Eppenberg-Wöschnau,Betriebe,4,325,81.25
1372,Unterentfelden,Betriebe,4,4102,1025.5
952,Hubersdorf,Betriebe,4,742,185.5
1425,Birr,Betriebe,4,4522,1130.5
948,Feldbrunnen-St. Niklaus,Betriebe,4,982,245.5
1432,Hausen (AG),Betriebe,4,3491,872.75
1436,Mülligen,Betriebe,4,1054,263.5
175,Unterengstringen,Betriebe,4,3758,939.5
1445,Windisch,Betriebe,4,7492,1873.0
938,Obergerlafingen,Betriebe,4,1137,284.25
546,Gisikon,Betriebe,4,1287,321.75
1976,Servion,Betriebe,4,1919,479.75
1534,Rheinfelden,Betriebe,4,13337,3334.25
1975,Montpreveyres,Betriebe,4,621,155.25
1362,Biberstein,Betriebe,4,1545,386.25
1973,Essertes,Betriebe,4,335,83.75
2165,Bovernier,Betriebe,4,880,220.0
927,Bolken,Betriebe,4,590,147.5
2330,Vernier,Betriebe,4,34983,8745.75
1962,Belmont-sur-Lausanne,Betriebe,4,3555,888.75
1488,Brunegg,Betriebe,4,738,184.5
1960,Romanel-sur-Lausanne,Betriebe,4,3345,836.25
2309,Genthod,Betriebe,4,2721,680.25
975,Wangen bei Olten,Betriebe,4,5087,1271.75
236,Port,Betriebe,4,3532,883.0
2022,Denges,Betriebe,4,1625,406.25
389,Deisswil bei Münchenbuchsee,Betriebe,4,86,21.5
1220,Lichtensteig,Betriebe,4,1907,476.75
639,Hospental,Betriebe,4,188,47.0
2081,Dully,Betriebe,4,638,159.5
1757,Rovio,Betriebe,4,834,208.5
1019,Grellingen,Betriebe,4,1850,462.5
2033,Romanel-sur-Morges,Betriebe,4,478,119.5
1764,Vezia,Betriebe,4,1971,492.75
2074,Tannay,Betriebe,4,1553,388.25
1887,Fontaines-sur-Grandson,Betriebe,4,200,50.0
1799,Gryon,Betriebe,4,1375,343.75
1800,Lavey-Morcles,Betriebe,4,926,231.5
1044,Böckten,Betriebe,4,799,199.75
1026,Zwingen,Betriebe,4,2274,568.5
1029,Augst,Betriebe,4,1001,250.25
1823,Prévonloup,Betriebe,4,166,41.5
61,Wallisellen,Betriebe,4,15934,3983.5
2211,Salvan,Betriebe,4,1394,348.5
1040,Seltisberg,Betriebe,4,1306,326.5
318,Inkwil,Betriebe,4,617,154.25
633,Bauen,Betriebe,4,164,41.0
139,Greifensee,Betriebe,4,5381,1345.25
2058,Crans-près-Céligny,Betriebe,4,2193,548.25
1082,Liedertswil,Betriebe,4,166,41.5
1848,Mex (VD),Betriebe,4,709,177.25
2055,Coinsins,Betriebe,4,491,122.75
1033,Giebenach,Betriebe,4,1039,259.75
1854,Bercher,Betriebe,4,1157,289.25
2050,Bogis-Bossey,Betriebe,4,900,225.0
273,Tschugg,Betriebe,4,440,110.0
1753,Ponte Capriasca,Betriebe,4,1884,471.0
386,Ittigen,Betriebe,4,11388,2847.0
2275,Hauterive (NE),Betriebe,4,2639,659.75
526,Niederried bei Interlaken,Betriebe,4,354,88.5
1855,Bioley-Orjulaz,Betriebe,4,477,119.25
1288,Castaneda,Betriebe,4,273,68.25
331,Wolfisberg,Betriebe,4,184,46.0
1698,Frasco,Betriebe,4,107,26.75
740,Sévaz,Betriebe,4,278,69.5
738,Prévondavaux,Betriebe,4,69,17.25
1746,Monteggio,Betriebe,4,896,224.0
1722,Bedigliora,Betriebe,4,644,161.0
1717,Agno,Betriebe,4,4518,1129.5
1181,Widnau,Betriebe,4,9490,2372.5
1730,Comano,Betriebe,4,2083,520.75
1051,Itingen,Betriebe,4,2096,524.0
2205,Collonges,Betriebe,4,750,187.5
1738,Magliaso,Betriebe,4,1594,398.5
1277,Pontresina,Betriebe,4,2197,549.25
1276,Madulain,Betriebe,4,216,54.0
1275,Celerina/Schlarigna,Betriebe,4,1499,374.75
1992,Saubraz,Betriebe,4,424,106.0
1787,Cerentino,Betriebe,4,51,12.75
2281,Valangin,Betriebe,3,506,168.67
2288,Aire-la-Ville,Betriebe,3,1163,387.67
2297,Céligny,Betriebe,3,766,255.33
2196,Kippel,Betriebe,3,340,113.33
2187,Bister,Betriebe,3,30,10.0
2293,Bellevue,Betriebe,3,3348,1116.0
431,Laupen,Betriebe,3,3125,1041.67
1431,Habsburg,Betriebe,3,424,141.33
1720,Astano,Betriebe,3,305,101.67
970,Olten,Betriebe,3,18166,6055.33
113,Erlenbach (ZH),Betriebe,3,5517,1839.0
1356,Rongellen,Betriebe,3,61,20.33
1951,Vugelles-La Mothe,Betriebe,3,134,44.67
1707,Ronco sopra Ascona,Betriebe,3,603,201.0
1499,Niederlenz,Betriebe,3,4685,1561.67
1917,Sergey,Betriebe,3,141,47.0
1908,Croy,Betriebe,3,351,117.0
1907,Les Clées,Betriebe,3,176,58.67
1892,Mutrux,Betriebe,3,162,54.0
993,Basel,Betriebe,3,171017,57005.67
1857,Bretigny-sur-Morrens,Betriebe,3,818,272.67
1824,Rossenges,Betriebe,3,60,20.0
1806,Rennaz,Betriebe,3,853,284.33
1721,Bedano,Betriebe,3,1574,524.67
1749,Neggio,Betriebe,3,331,110.33
1494,Holderbank (AG),Betriebe,3,1178,392.67
1786,Campo (Vallemaggia),Betriebe,3,56,18.67
1785,Bosco/Gurin,Betriebe,3,55,18.33
1037,Lupsingen,Betriebe,3,1405,468.33
1056,Nusshof,Betriebe,3,257,85.67
1487,Boniswil,Betriebe,3,1390,463.33
1352,Casti-Wergenstein,Betriebe,3,52,17.33
1336,Rothenbrunnen,Betriebe,3,304,101.33
1758,Savosa,Betriebe,3,2212,737.33
1756,Pura,Betriebe,3,1398,466.0
1755,Porza,Betriebe,3,1612,537.33
1745,Miglieglia,Betriebe,3,308,102.67
1243,Schmitten (GR),Betriebe,3,245,81.67
1283,Silvaplana,Betriebe,3,1054,351.33
953,Kammersrohr,Betriebe,3,30,10.0
2005,Mauraz,Betriebe,3,53,17.67
942,Zuchwil,Betriebe,3,8842,2947.33
2019,Chigny,Betriebe,3,341,113.67
1589,Horn,Betriebe,3,2604,868.0
472,Oberhofen am Thunersee,Betriebe,3,2423,807.67
1685,Dalpe,Betriebe,3,192,64.0
377,Bremgarten bei Bern,Betriebe,3,4386,1462.0
1690,Prato (Leventina),Betriebe,3,424,141.33
259,Meienried,Betriebe,3,53,17.67
729,Châtillon (FR),Betriebe,3,459,153.0
2105,Corseaux,Betriebe,3,2220,740.0
43,Bachenbülach,Betriebe,3,4087,1362.33
758,Montet (Glâne),Betriebe,3,389,129.67
772,Broc,Betriebe,3,2632,877.33
2096,Ecublens (VD),Betriebe,3,12342,4114.0
774,Châtel-sur-Montsalvens,Betriebe,3,276,92.0
2094,Bussigny,Betriebe,3,8268,2756.0
1574,Mellikon,Betriebe,3,256,85.33
810,Matran,Betriebe,3,1533,511.0
2077,Vich,Betriebe,3,980,326.67
1531,Mumpf,Betriebe,3,1392,464.0
1528,Kaiseraugst,Betriebe,3,5572,1857.33
1702,Losone,Betriebe,3,6612,2204.0
2063,Genolier,Betriebe,3,1930,643.33
2059,Crassier,Betriebe,3,1201,400.33
903,Dornach,Betriebe,3,6611,2203.67
1703,Mergoscia,Betriebe,3,216,72.0
2046,Arnex-sur-Nyon,Betriebe,3,223,74.33
2038,Vufflens-le-Château,Betriebe,3,843,281.0
2035,Tolochenaz,Betriebe,3,1866,622.0
101,Adliswil,Betriebe,3,18742,6247.33
2030,Morges,Betriebe,3,15889,5296.33
1750,Novaggio,Betriebe,3,843,281.0
103,Kilchberg (ZH),Betriebe,2,8380,4190.0
2321,Pregny-Chambésy,Betriebe,2,3794,1897.0
1475,Münchwilen (AG),Betriebe,2,911,455.5
2318,Onex,Betriebe,2,18825,9412.5
1479,Sisseln,Betriebe,2,1564,782.0
2312,Hermance,Betriebe,2,1014,507.0
109,Thalwil,Betriebe,2,17789,8894.5
2353,Vellerat,Betriebe,2,71,35.5
2327,Thônex,Betriebe,2,13906,6953.0
1358,Ferrera,Betriebe,2,79,39.5
469,Hilterfingen,Betriebe,2,4077,2038.5
517,Gündlischwand,Betriebe,2,317,158.5
641,Realp,Betriebe,2,145,72.5
806,Givisiez,Betriebe,2,3178,1589.0
231,Ipsach,Betriebe,2,4015,2007.5
838,Muntelier,Betriebe,2,953,476.5
228,Aegerten,Betriebe,2,2011,1005.5
934,Hüniken,Betriebe,2,100,50.0
935,Kriegstetten,Betriebe,2,1282,641.0
971,Rickenbach (SO),Betriebe,2,904,452.0
972,Schönenwerd,Betriebe,2,4948,2474.0
973,Starrkirch-Wil,Betriebe,2,1706,853.0
977,Solothurn,Betriebe,2,16697,8348.5
1675,Lumino,Betriebe,2,1448,724.0
994,Bettingen,Betriebe,2,1158,579.0
1031,Frenkendorf,Betriebe,2,6507,3253.5
2346,Mettembert,Betriebe,2,112,56.0
198,Belprahon,Betriebe,2,302,151.0
1179,Rheineck,Betriebe,2,3452,1726.0
172,Oetwil an der Limmat,Betriebe,2,2451,1225.5
1280,St. Moritz,Betriebe,2,5084,2542.0
1645,Rickenbach (TG),Betriebe,2,2773,1386.5
1684,Bodio,Betriebe,2,1038,519.0
1798,Corbeyrier,Betriebe,2,440,220.0
1704,Minusio,Betriebe,2,7268,3634.0
2098,Villars-Sainte-Croix,Betriebe,2,845,422.5
1729,Caslano,Betriebe,2,4373,2186.5
2208,Finhaut,Betriebe,2,419,209.5
1739,Manno,Betriebe,2,1318,659.0
2242,Saas-Fee,Betriebe,2,1636,818.0
1889,Grandevent,Betriebe,2,232,116.0
2121,Zwischbergen,Betriebe,2,78,39.0
2130,Bourg-Saint-Pierre,Betriebe,2,182,91.0
1950,Villars-Epeney,Betriebe,2,105,52.5
2068,Mies,Betriebe,2,1989,994.5
1695,Brione sopra Minusio,Betriebe,2,495,247.5
35,Rheinau,Betriebe,2,1302,651.0
1742,Melano,Betriebe,2,1457,728.5
1693,Ascona,Betriebe,2,5515,2757.5
46,Dietlikon,Betriebe,2,7568,3784.0
2017,Buchillon,Betriebe,2,622,311.0
2031,Préverenges,Betriebe,2,5292,2646.0
2053,Chavannes-des-Bois,Betriebe,2,938,469.0
26,Flurlingen,Betriebe,2,1434,717.0
2111,Vevey,Betriebe,2,19780,9890.0
171,Oberengstringen,Betriebe,1,6611,6611.0
1763,Vernate,Betriebe,1,582,582.0
170,Geroldswil,Betriebe,1,4958,4958.0
804,Ferpicloz,Betriebe,1,277,277.0
2093,Renens (VD),Betriebe,1,20523,20523.0
2092,Prilly,Betriebe,1,12063,12063.0
2181,Saint-Gingolph,Betriebe,1,905,905.0
1765,Vico Morcote,Betriebe,1,382,382.0
1770,Balerna,Betriebe,1,3385,3385.0
817,Senèdes,Betriebe,1,157,157.0
1789,Linescio,Betriebe,1,45,45.0
1747,Morcote,Betriebe,1,755,755.0
1957,Jouxtens-Mézery,Betriebe,1,1447,1447.0
1963,Paudex,Betriebe,1,1478,1478.0
24,Feuerthalen,Betriebe,1,3596,3596.0
954,Langendorf,Betriebe,1,3732,3732.0
776,Crésuz,Betriebe,1,333,333.0
931,Gerlafingen,Betriebe,1,5065,5065.0
1289,Rossa,Betriebe,1,148,148.0
2175,Trient,Betriebe,1,174,174.0
2304,Cologny,Betriebe,1,5461,5461.0
1697,Corippo,Betriebe,1,14,14.0
520,Interlaken,Betriebe,1,5673,5673.0
2310,Le Grand-Saconnex,Betriebe,1,12075,12075.0
2300,Chêne-Bourg,Betriebe,1,8559,8559.0
1718,Aranno,Betriebe,1,368,368.0
665,Lachen,Betriebe,1,8599,8599.0
2155,Inden,Betriebe,1,110,110.0
1623,Bottighofen,Betriebe,1,2188,2188.0
1725,Brusino Arsizio,Betriebe,1,495,495.0
1727,Cadempino,Betriebe,1,1520,1520.0
1728,Canobbio,Betriebe,1,2121,2121.0
107,Rüschlikon,Betriebe,1,5744,5744.0
1732,Cureglia,Betriebe,1,1359,1359.0
1451,Burg (AG),Betriebe,1,1019,1019.0
1440,Schinznach-Bad,Betriebe,1,1321,1321.0
1393,Turgi,Betriebe,1,3031,3031.0
1363,Buchs (AG),Betriebe,1,7911,7911.0
2097,Saint-Sulpice (VD),Betriebe,1,4148,4148.0
1743,Melide,Betriebe,1,1806,1806.0
122,Zumikon,Betriebe,1,5158,5158.0
1575,Rekingen (AG),Betriebe,1,1003,1003.0
836,Meyriez,Betriebe,0,580,inf
2072,Saint-Cergue,Betriebe,0,2497,inf
2112,Veytaux,Betriebe,0,874,inf
2095,Chavannes-près-Renens,Betriebe,0,7585,inf
234,Nidau,Betriebe,0,6891,inf
2295,Carouge (GE),Betriebe,0,21868,inf
2057,Coppet,Betriebe,0,3151,inf
1735,Gravesano,Betriebe,0,1299,inf
1625,Gottlieben,Betriebe,0,326,inf
2299,Chêne-Bougeries,Betriebe,0,11489,inf
1568,Kaiserstuhl,Betriebe,0,414,inf
1705,Muralto,Betriebe,0,2686,inf
105,Oberrieden,Betriebe,0,5035,inf
1706,Orselina,Betriebe,0,767,inf
1724,Bissone,Betriebe,0,905,inf
2315,Lancy,Betriebe,0,31661,inf
1734,Grancia,Betriebe,0,526,inf
1740,Maroggia,Betriebe,0,664,inf
1927,Chamblon,Betriebe,0,547,inf
1741,Massagno,Betriebe,0,6195,inf
2258,Peseux,Betriebe,0,5926,inf
1752,Paradiso,Betriebe,0,4152,inf
1754,Ponte Tresa,Betriebe,0,813,inf
1683,Bedretto,Betriebe,0,109,inf
1168,Rorschach,Betriebe,0,9408,inf
1047,Diepflingen,Betriebe,0,746,inf
1779,Vacallo,Betriebe,0,3407,inf
1003,Birsfelden,Betriebe,0,10469,inf
1760,Sorengo,Betriebe,0,1783,inf
